announced_ist,eps_estimate,eps_reported,surprise_pct
2007-04-26 15:30:00,,2.56,
2007-07-28 05:30:00,2.66,2.93,9.86
2007-10-18 17:30:00,3.15,3.3,4.66
2008-01-17 11:30:00,3.5,3.34,-4.52
2008-04-21 16:30:00,2.65,3.36,27.01
2008-07-24 16:30:00,3.6,3.54,-1.77
2008-10-23 16:30:00,3.59,3.55,-1.05
2009-01-22 15:30:00,2.54,2.94,15.59
2009-05-31 04:30:00,2.8,0.88,-68.75
2009-07-24 16:30:00,3.39,2.89,-14.76
2009-10-29 16:30:00,2.9,2.93,0.82
2010-01-22 11:30:00,3.15,3.08,-2.41
2010-04-23 17:30:00,4.19,4.53,7.96
2010-07-28 04:30:00,4.2,3.7,-11.9
2010-10-30 18:30:00,3.85,3.78,-1.95
2011-01-21 17:30:00,3.95,3.93,-0.6
2011-04-21 18:30:00,4.1,4.1,
2011-07-25 18:30:00,4.44,4.33,-2.67
2011-10-15 18:30:00,4.4,4.35,-1.14
2012-01-20 13:30:00,3.4,3.4,
2012-04-20 17:30:00,3.21,3.23,0.47
2012-07-20 18:30:00,3.35,3.43,2.24
2012-10-15 17:30:00,4.1,4.15,1.32
2013-01-18 17:30:00,3.86,4.25,10.02
2013-04-16 17:30:00,4.4,4.33,-1.7
2013-07-19 17:30:00,4.14,4.15,0.13
2013-10-14 17:30:00,4.23,4.25,0.38
2014-01-17 17:30:00,4.2,4.28,1.83
2014-04-18 17:30:00,4.49,4.35,-3.05
2014-07-19 16:30:00,4.84,5.08,4.8
2014-10-13 17:30:00,4.56,5.08,11.2
2015-01-16 17:30:00,4.18,4.45,6.48
2015-04-17 15:30:00,4.62,5.43,17.4
2015-07-24 21:30:00,4.96,4.88,-1.75
2015-10-16 15:30:00,4.59,5.08,10.53
2016-01-19 16:30:00,5.47,5.58,1.9
2016-04-22 17:30:00,5.51,5.65,2.55
2016-07-15 16:30:00,5.0,5.8,15.95
2016-10-20 22:30:00,5.56,5.93,6.48
2017-01-16 17:30:00,6.1,6.18,1.27
2017-04-24 16:30:00,6.2,6.27,1.18
2017-07-20 17:30:00,6.35,6.3,-0.87
2017-10-13 16:30:00,7.18,6.51,-9.31
2018-01-19 17:30:00,6.73,6.7,-0.52
2018-04-27 18:30:00,7.0,6.86,-1.93
2018-07-27 17:30:00,7.09,6.96,-1.87
2018-10-17 18:30:00,7.34,6.99,-4.77
2019-01-17 17:30:00,7.21,7.04,-2.31
2019-04-18 17:30:00,6.78,6.75,-0.37
2019-07-19 17:30:00,8.0,8.53,6.61
2019-10-18 18:30:00,7.48,7.65,2.34
2020-01-17 18:30:00,9.72,9.29,-4.4
2020-04-30 18:30:00,5.9,5.39,-8.73
2020-07-30 18:30:00,4.1,4.16,1.46
2020-10-30 19:30:00,4.35,5.02,15.4
2021-01-22 19:30:00,6.13,6.65,8.57
2021-04-30 19:30:00,8.6,5.8,-32.62
2021-07-23 19:30:00,5.25,6.53,24.29
2021-10-22 19:30:00,7.38,6.95,-5.83
2022-01-21 19:30:00,8.6,7.61,-11.51
2022-05-06 19:30:00,7.85,8.2,4.46
2022-07-22 19:30:00,19.64,13.27,-32.43
2022-10-21 19:30:00,12.83,10.09,-21.36
2023-01-20 18:30:00,12.71,11.67,-8.18
2023-04-21 18:30:00,13.38,14.26,6.57
2023-07-21 19:30:00,12.65,11.83,-6.46
2023-10-27 18:30:00,13.41,12.86,-4.15
2024-01-19 17:30:00,12.88,12.76,-0.96
2024-04-22 18:30:00,14.93,14.01,-6.21
2024-07-19 18:30:00,12.81,11.19,-12.69
2024-10-14 18:30:00,5.85,5.7,-2.56
2025-01-16 18:30:00,13.39,13.7,2.34
2025-04-25 19:30:00,6.4,8.29,29.53
2025-07-18 19:30:00,15.45,19.95,29.12
2025-10-17 18:30:00,14.35,13.42,-6.45
2026-01-16 18:30:00,14.89,13.78,-7.44
2026-04-24 18:30:00,15.39,12.54,-18.52
2026-07-17 18:30:00,7.1,9.81,38.17
2026-10-16 15:30:00,16.27,,
