date,portfolio,pred_mean,pred_median,pred_p5,pred_p95,pred_sd,realised,pit,z
2019-03-28,NIFTY 50 ETF,0.10240983380377293,0.09428191184997559,-0.1274644821882248,0.3637702524662015,0.1482982716036636,-0.21307356759103258,0.011,-2.127357237432643
2019-03-28,Gold,0.046383295968174934,0.03781867027282715,-0.13463827967643738,0.258206272125244,0.11943716209386165,0.5103622608868692,0.99925,3.8847119002548705
2019-03-28,Balanced (60 index / 20 gold / 20 liquid),0.0824618571549654,0.079448401927948,-0.05611554682254791,0.2312743842601776,0.08656090190525739,-0.04003342706060775,0.07175,-1.4151341023415704
2019-03-28,"8 large stocks, equal weight",0.12908529506623745,0.12012988328933716,-0.10863280296325684,0.3987249612808223,0.15333082348186527,-0.12477051415309992,0.03975,-1.655608464460907
2019-06-28,NIFTY 50 ETF,0.10625015570223331,0.09731292724609375,-0.11605568826198576,0.3624106228351591,0.1457632850848287,-0.07974771166349348,0.0895,-1.2760268627143188
2019-06-28,Gold,0.051055170342326164,0.043625473976135254,-0.13036708533763883,0.2597862005233761,0.11877007322116397,0.4409847071095765,0.99775,3.2830621906004493
2019-06-28,Balanced (60 index / 20 gold / 20 liquid),0.08468602088093757,0.08154487609863281,-0.04889476299285889,0.23081727623939502,0.08491510239022303,0.04536522126732878,0.32725,-0.4630601448598868
2019-06-28,"8 large stocks, equal weight",0.13237870121002196,0.12289655208587646,-0.0979030966758728,0.3977526962757108,0.1508460987298784,0.006026708598011465,0.2025,-0.8376218786955191
2019-09-30,NIFTY 50 ETF,0.09276182861626148,0.08327120542526245,-0.13884332478046416,0.3630095779895781,0.15308242023188345,0.027334704403090937,0.3465,-0.4273980259396475
2019-09-30,Gold,0.06063724946975708,0.05273401737213135,-0.134538134932518,0.28811948299407947,0.12788560914501587,0.33292898525523595,0.97275,2.1291819901073756
2019-09-30,Balanced (60 index / 20 gold / 20 liquid),0.0785782623887062,0.07556730508804321,-0.062053775787353514,0.23326039910316465,0.08978424703980484,0.09834779854463016,0.6,0.2201893629197487
2019-09-30,"8 large stocks, equal weight",0.12081259849667549,0.11122322082519531,-0.11681679487228393,0.39726530909538266,0.15676010448224206,0.06834168674412111,0.389,-0.3347210817819934
2019-12-31,NIFTY 50 ETF,0.10229972395300865,0.09350836277008057,-0.12532728016376496,0.36324805021286005,0.14872441256800864,0.1669377765101836,0.6905,0.43461629090393805
2019-12-31,Gold,0.06312073655426502,0.05447280406951904,-0.12338682115077972,0.2816019535064695,0.12255520783614883,0.29230767697564963,0.95775,1.8700710028397807
2019-12-31,Balanced (60 index / 20 gold / 20 liquid),0.08471304146945477,0.08192455768585205,-0.052245864272117616,0.23399628400802608,0.08691391495280205,0.1782486034592934,0.8625,1.076186270525639
2019-12-31,"8 large stocks, equal weight",0.12630521158874036,0.11712634563446045,-0.10665733218193053,0.39337228536605806,0.15218345087992952,0.27035279917700983,0.83525,0.9465391062916616
2020-03-31,NIFTY 50 ETF,-0.18111922357231378,-0.19549047946929932,-0.38859155774116516,0.08658253550529472,0.14691266500122763,0.7274309670095527,1.0,6.184287723419042
2020-03-31,Gold,0.1177574437558651,0.1057775616645813,-0.1243193119764328,0.40211293101310724,0.16044554698963376,0.049725243951944,0.3605,-0.4240204921880231
2020-03-31,Balanced (60 index / 20 gold / 20 liquid),-0.1797848521322012,-0.18817612528800964,-0.3129750370979309,-0.015676605701446553,0.09606737427982405,0.4224201664390259,1.0,6.268569564700817
2020-03-31,"8 large stocks, equal weight",-0.15034360517561435,-0.16571497917175293,-0.3707004576921463,0.1346359312534329,0.15587923129504178,0.7207615272354657,1.0,5.588333514182453
2020-06-30,NIFTY 50 ETF,0.08087249530851841,0.07394295930862427,-0.17426344156265258,0.3575706183910366,0.17225353166837523,0.5462016209677429,0.99075,2.7014199427567167
2020-06-30,Gold,0.08776465920358896,0.07963389158248901,-0.11427819728851318,0.3151168644428252,0.1391037985400361,-0.034264235239602536,0.156,-0.8772506266827056
2020-06-30,Balanced (60 index / 20 gold / 20 liquid),0.07717126205563546,0.07527798414230347,-0.08103389739990234,0.24122238159179665,0.10434930478111618,0.3053602134334441,0.98425,2.1867797955765913
2020-06-30,"8 large stocks, equal weight",0.10749945878982543,0.09985458850860596,-0.1613439083099365,0.4009398937225338,0.18217122062742852,0.5284790685937213,0.98525,2.3109007468576586
2020-09-30,NIFTY 50 ETF,0.08425196035206318,0.07484662532806396,-0.1820376068353653,0.3721195399761199,0.1777808820578681,0.5994330595856807,0.99225,2.897843082283307
2020-09-30,Gold,0.09220707803219556,0.0835951566696167,-0.1262893795967102,0.3280330538749695,0.1479143481800081,-0.08216389866547691,0.0865,-1.1788645174940522
2020-09-30,Balanced (60 index / 20 gold / 20 liquid),0.08123492497205734,0.07840317487716675,-0.08644067645072936,0.251958507299423,0.10870123800143754,0.3173985181118506,0.984,2.1725934081511573
2020-09-30,"8 large stocks, equal weight",0.10423787932097912,0.0939144492149353,-0.17598722279071807,0.4094801247119903,0.187970644647405,0.5877284256942494,0.9885,2.572159856557395
2020-12-31,NIFTY 50 ETF,0.13037718937546014,0.12290382385253906,-0.13723474442958833,0.4205974519252775,0.1774252869228774,0.28744877399469493,0.83625,0.8852829680783332
2020-12-31,Gold,0.09359850111603737,0.0869753360748291,-0.11910739839076996,0.32858003377914424,0.1440402795155921,-0.057371390206473305,0.118,-1.048108847262883
2020-12-31,Balanced (60 index / 20 gold / 20 liquid),0.10790399545431137,0.10574173927307129,-0.05568624138832092,0.27707685232162454,0.10661108612748105,0.16256491146302765,0.719,0.5127132458190611
2020-12-31,"8 large stocks, equal weight",0.1555619311928749,0.1470268964767456,-0.12701258659362794,0.4637897253036497,0.18791945963891984,0.28689096151979854,0.782,0.6988580670637698
2021-03-31,NIFTY 50 ETF,0.1256869654506445,0.11976110935211182,-0.15135264694690703,0.43686075806617736,0.1837466008352346,0.22804782070981489,0.73525,0.55707618423351
2021-03-31,Gold,0.07028939596563577,0.063587486743927,-0.14427818357944489,0.30483684539794875,0.1409492520461407,0.1655751588341272,0.78275,0.6760288648945721
2021-03-31,Balanced (60 index / 20 gold / 20 liquid),0.10339815577864647,0.10301733016967773,-0.06799218654632568,0.2846175551414489,0.11084185153221322,0.1796933990983378,0.77075,0.6883252333394861
2021-03-31,"8 large stocks, equal weight",0.14935467403382063,0.1426798701286316,-0.1421573311090469,0.4778323054313659,0.19336268347332283,0.21644266549749225,0.66325,0.3469541809132338
2021-06-30,NIFTY 50 ETF,0.13258643934130668,0.12638932466506958,-0.14474576115608215,0.4392737627029419,0.18193583619120834,0.017205630694189677,0.2545,-0.634184067650398
2021-06-30,Gold,0.06927609755843878,0.062340736389160156,-0.14394875466823576,0.2981052696704864,0.13837858713473197,0.10562681961857834,0.63075,0.2626903685954444
2021-06-30,Balanced (60 index / 20 gold / 20 liquid),0.10705496996641159,0.10613477230072021,-0.06440074443817137,0.2877974808216095,0.1101100338872485,0.04334400009468342,0.26675,-0.5786118451018507
2021-06-30,"8 large stocks, equal weight",0.1536668003126979,0.14670580625534058,-0.13585337102413178,0.47508327960968016,0.1903723894564421,0.0898259293065653,0.3755,-0.33534732210071677
2021-09-30,NIFTY 50 ETF,0.150333845756948,0.14394354820251465,-0.13391053676605222,0.4561461269855499,0.1835095636556809,-0.006154322051387551,0.17275,-0.8527521110668346
2021-09-30,Gold,0.06643944831192493,0.05856144428253174,-0.1440333753824234,0.29800246357917787,0.14077287332389998,0.11480356038400608,0.66525,0.34356130503070464
2021-09-30,Balanced (60 index / 20 gold / 20 liquid),0.11318912407755852,0.1129196286201477,-0.062832173705101,0.29137263894081117,0.11068934176139228,0.03149993756015168,0.20325,-0.7380040861883551
2021-09-30,"8 large stocks, equal weight",0.17554854686558247,0.1682053804397583,-0.12180463969707489,0.4967143535614011,0.1924614735153589,0.05981275310474299,0.26125,-0.6013452544392137
2021-12-31,NIFTY 50 ETF,0.15339197015017272,0.14648687839508057,-0.1306293249130249,0.4613503158092493,0.1868368042272132,0.04941697837938763,0.27525,-0.5565016603706225
2021-12-31,Gold,0.07877648559212684,0.07165926694869995,-0.13637804388999938,0.31676168441772456,0.14456848731322267,0.1518804075840383,0.73,0.505669827156206
2021-12-31,Balanced (60 index / 20 gold / 20 liquid),0.11743311366438866,0.11692947149276733,-0.057900193333625775,0.2974663615226744,0.11242596870459971,0.07325647216674169,0.32825,-0.3929398341563016
2021-12-31,"8 large stocks, equal weight",0.175920685775578,0.16824543476104736,-0.1219882011413574,0.4996478021144859,0.19625949647768443,0.1069291139935129,0.361,-0.35153239980878964
2022-03-31,NIFTY 50 ETF,0.1361908171251416,0.12628310918807983,-0.14668804407119748,0.4536361217498777,0.18843224101398143,0.021549253081166286,0.26325,-0.6083967553910749
2022-03-31,Gold,0.0816506558060646,0.07413601875305176,-0.1369759500026703,0.329495596885681,0.14668699060601376,0.1742974303621041,0.76725,0.631595032206225
2022-03-31,Balanced (60 index / 20 gold / 20 liquid),0.10884795117378235,0.10607600212097168,-0.064234721660614,0.292731338739395,0.11252888783749691,0.060161797960444074,0.32225,-0.43265470892812874
2022-03-31,"8 large stocks, equal weight",0.1590157479122281,0.1481163501739502,-0.138823190331459,0.49542041420936556,0.19910384756736135,0.12228421628246355,0.44525,-0.18448428836784506
2022-06-30,NIFTY 50 ETF,0.11467095595598222,0.1029505729675293,-0.17119444310665127,0.43857541680336,0.18962662897687452,0.2396270026493028,0.7715,0.6589583296793159
2022-06-30,Gold,0.08287760166823864,0.0748254656791687,-0.13755979239940644,0.3323588907718658,0.14715526267021156,0.14305307075732188,0.69075,0.40892502243662177
2022-06-30,Balanced (60 index / 20 gold / 20 liquid),0.0962884097993374,0.09276366233825684,-0.07983626127243042,0.284967041015625,0.11396572533431527,0.18436327609054826,0.7995,0.7728188982507302
2022-06-30,"8 large stocks, equal weight",0.13942005357146264,0.12651759386062622,-0.16262812018394468,0.4830857396125792,0.20089049581601506,0.2625961433790569,0.7555,0.6131504096659939
2022-09-30,NIFTY 50 ETF,0.12680265330523252,0.11577290296554565,-0.1553972691297531,0.44651062488555887,0.187729952752459,0.15334792921745155,0.57875,0.1414013881270277
2022-09-30,Gold,0.07810359753668308,0.07156836986541748,-0.13508046865463255,0.316516602039337,0.1422972208903887,0.13253014923367967,0.67825,0.38248499413014725
2022-09-30,Balanced (60 index / 20 gold / 20 liquid),0.10255868242681027,0.09943294525146484,-0.0714208424091339,0.2891526401042938,0.11267031993036064,0.13238374464684965,0.621,0.2647109037985664
2022-09-30,"8 large stocks, equal weight",0.1541023058667779,0.14186733961105347,-0.14433275461196898,0.494348484277725,0.19922920849434275,0.18949837019531923,0.596,0.177665035142407
2022-12-30,NIFTY 50 ETF,0.1275349718183279,0.11776697635650635,-0.15612187385559081,0.444778513908386,0.18836253532075012,0.20066656655429482,0.68275,0.3882491526854635
2022-12-30,Gold,0.08647119846194982,0.08000528812408447,-0.13060858249664306,0.3262163639068603,0.14379137189289534,0.13314809618157075,0.65225,0.32461542792977005
2022-12-30,Balanced (60 index / 20 gold / 20 liquid),0.10492853365838528,0.10246211290359497,-0.07170418798923492,0.2905990660190582,0.11345847601530755,0.16046775526005375,0.70525,0.4895114367143028
2022-12-30,"8 large stocks, equal weight",0.1515557673946023,0.14053934812545776,-0.14885682463645933,0.4888604104518888,0.19971227596933264,0.19949104103778637,0.6235,0.2400216682250664
2023-03-31,NIFTY 50 ETF,0.12191755345463753,0.10972940921783447,-0.1605241686105728,0.4418133735656736,0.18870052909409687,0.3144422034990091,0.85925,1.020265554996763
2023-03-31,Gold,0.09175821612775326,0.08354693651199341,-0.13198308944702147,0.3406161427497863,0.1486924716336567,0.21225768978585835,0.8135,0.8103939112330278
2023-03-31,Balanced (60 index / 20 gold / 20 liquid),0.10214380080997944,0.09846043586730957,-0.07371297478675842,0.2899165630340576,0.11399101590212823,0.24167621947278284,0.89775,1.2240650507282507
2023-03-31,"8 large stocks, equal weight",0.14718063379824162,0.1337193250656128,-0.1515283942222595,0.4878601908683774,0.20039039989259771,0.20416085746799517,0.64525,0.2843460749631368
2023-06-30,NIFTY 50 ETF,0.13289761696010827,0.12281155586242676,-0.14751973450183867,0.44812669157981844,0.18848017932274455,0.2855514895558702,0.806,0.8099200305532638
2023-06-30,Gold,0.08926485574990511,0.08088719844818115,-0.13011330962181092,0.33552137613296507,0.14723780191601285,0.25086186549135014,0.874,1.0975239214289747
2023-06-30,Balanced (60 index / 20 gold / 20 liquid),0.10844638219475747,0.10560590028762817,-0.06602592170238494,0.29342756271362297,0.11371311605641292,0.2335037526075756,0.874,1.0997620569185471
2023-06-30,"8 large stocks, equal weight",0.1502456904426217,0.1389453411102295,-0.145936843752861,0.48423991799354527,0.19905861607590505,0.21399850211876958,0.6585,0.3202715508272079
2023-09-29,NIFTY 50 ETF,0.13172629404067993,0.12163597345352173,-0.14658095836639404,0.4427468538284299,0.18557948795056692,0.28590542662377394,0.814,0.8307983510772642
2023-09-29,Gold,0.08934904898703099,0.08236825466156006,-0.12939186692237853,0.3339219391345976,0.14535490881251045,0.2891052898217925,0.9195,1.3742655302575433
2023-09-29,Balanced (60 index / 20 gold / 20 liquid),0.1077286900728941,0.10486340522766113,-0.0652290165424347,0.2913794934749603,0.11201182484242955,0.24171735085057588,0.89175,1.1962010347226082
2023-09-29,"8 large stocks, equal weight",0.1422369599416852,0.13123005628585815,-0.15067638754844664,0.47039206624031055,0.1951671791103979,0.21546165483993374,0.677,0.3751895950539327
2023-12-29,NIFTY 50 ETF,0.14750341899693012,0.13719552755355835,-0.13708425164222718,0.46255561709403986,0.1862048655255178,0.10544552545311325,0.4275,-0.22586892896229496
2023-12-29,Gold,0.09418620477616788,0.08677405118942261,-0.1265978455543518,0.3418782293796539,0.14572409468087838,0.21356695735664744,0.81225,0.8192245272953098
2023-12-29,Balanced (60 index / 20 gold / 20 liquid),0.11840463085472584,0.11552059650421143,-0.05859399437904358,0.30331231951713555,0.11251079303851802,0.12068569724008538,0.5215,0.02027420057894901
2023-12-29,"8 large stocks, equal weight",0.1562711391374469,0.14492285251617432,-0.1418309211730957,0.48865067362785325,0.19587024079267354,0.09288005224709406,0.381,-0.32363817307730575
2024-03-28,NIFTY 50 ETF,0.14472781440615654,0.13210713863372803,-0.1310933381319046,0.46816102862358094,0.18403460344060388,0.0413022216996457,0.2845,-0.5619899234868124
2024-03-28,Gold,0.0996530159637332,0.09079885482788086,-0.11631942093372345,0.3512665390968322,0.14556055358738018,0.32467756677708004,0.93325,1.5459171133082035
2024-03-28,Balanced (60 index / 20 gold / 20 liquid),0.11727648904919624,0.11289620399475098,-0.05524043142795562,0.30787786245346066,0.1115686864184789,0.10055013538059221,0.4545,-0.14991978668517944
2024-03-28,"8 large stocks, equal weight",0.1497389452829957,0.1359405517578125,-0.13835703134536742,0.48937838077545154,0.19305119530785148,0.018102428659468206,0.242,-0.681873616030254
2024-06-28,NIFTY 50 ETF,0.1455627211406827,0.13476192951202393,-0.144793102145195,0.47499629259109494,0.19197092164440346,0.06695828819531746,0.3475,-0.40946010089469603
2024-06-28,Gold,0.10076767061650753,0.09243500232696533,-0.13115206360816956,0.36160482764244073,0.1534505120819107,0.33613723749104296,0.93725,1.5338467345674085
2024-06-28,Balanced (60 index / 20 gold / 20 liquid),0.11821758607029915,0.11493676900863647,-0.06282143890857693,0.313330751657486,0.11667504845436381,0.11918053095468961,0.516,0.008253220351282755
2024-06-28,"8 large stocks, equal weight",0.14708753399550914,0.13495826721191406,-0.156454935669899,0.49310944676399227,0.20166651586297488,0.05247232421859649,0.32625,-0.4691666803089923
2024-09-30,NIFTY 50 ETF,0.15999800688773394,0.14883953332901,-0.1157830148935318,0.47955683469772326,0.18449720624938326,-0.01841319602151903,0.14875,-0.9670130325339241
2024-09-30,Gold,0.0965640968605876,0.08791828155517578,-0.11912306845188139,0.3445083498954773,0.1463580326555307,0.5612903605330153,0.99475,3.1752699543742207
2024-09-30,Balanced (60 index / 20 gold / 20 liquid),0.1258311191946268,0.12178820371627808,-0.045371013879776,0.3143480241298675,0.11203417255698779,0.09764183507861501,0.411,-0.2516132664939611
2024-09-30,"8 large stocks, equal weight",0.1603600523173809,0.1479426622390747,-0.1300927609205246,0.4999991536140441,0.19523785694183188,-0.07037261072510992,0.1005,-1.181802887291649
2024-12-31,NIFTY 50 ETF,0.1383132252767682,0.12749767303466797,-0.1438352435827255,0.45844592452049227,0.18493016066214005,0.12076985024381703,0.481,-0.09486486666175675
2024-12-31,Gold,0.09294431452453136,0.08455902338027954,-0.13229079246520994,0.3482865393161773,0.14949547677063726,0.7618974039819972,0.99925,4.47473799146314
2024-12-31,Balanced (60 index / 20 gold / 20 liquid),0.11249959725141526,0.10883426666259766,-0.06445719301700588,0.3028635263442993,0.11330507513421431,0.21742323319862122,0.8325,0.9260276807805811
2024-12-31,"8 large stocks, equal weight",0.14499687954038382,0.13286930322647095,-0.1535878390073776,0.48742765188217163,0.1970602832018408,0.01935650294316016,0.265,-0.6375733078011228
2025-03-28,NIFTY 50 ETF,0.17744074273109436,0.16913849115371704,-0.07624874413013456,0.4592015504837034,0.16682136964295766,0.023859272000198883,0.16375,-0.9206342752106693
2025-03-28,Gold,0.09253939560055732,0.08555036783218384,-0.11701353788375853,0.32426140308380114,0.13811622213160393,0.6614076726026938,0.99775,4.118765111169134
2025-03-28,Balanced (60 index / 20 gold / 20 liquid),0.13569106577336787,0.1331876516342163,-0.02211633026599884,0.3020645081996917,0.1006693885615601,0.14539795706982073,0.54775,0.09642346531703647
2025-03-28,"8 large stocks, equal weight",0.16720811647921802,0.15825563669204712,-0.09437593221664427,0.4601314842700957,0.17271729720725787,-0.07496202958573306,0.065,-1.4021186643185537
2025-06-30,NIFTY 50 ETF,0.17003519336134196,0.16316723823547363,-0.0559569388628006,0.4207180619239802,0.14754077507726104,-0.04799134247088843,0.05475,-1.4777374981123614
2025-06-30,Gold,0.09219578704237938,0.08489900827407837,-0.10742047131061554,0.31978825330734234,0.13379672055566777,0.48043507102757577,0.99375,2.9017100148105994
2025-06-30,Balanced (60 index / 20 gold / 20 liquid),0.1310124782025814,0.12890112400054932,-0.009057143330574025,0.28053698539733884,0.08965783850547611,0.0703920821866364,0.23825,-0.6761304647361362
2025-06-30,"8 large stocks, equal weight",0.15948141196370125,0.15209269523620605,-0.07267198860645294,0.4182095706462855,0.1519219686566182,-0.16402747663474526,0.0125,-2.1294411299372893
