date,portfolio,method,pit,realised,pred_mean,pred_sd,pred_p5,pred_p95
2019-03-28,NIFTY 50 ETF,"Production (Student-t dof 5, regime switching, parameter and volatility uncertainty)",0.02125,-0.21307356759103258,0.09898189852386713,0.16801372799654857,-0.14455310106277466,0.3816703081130981
2019-03-28,NIFTY 50 ETF,Round 9 (volatility uncertainty 0.17),0.01725,-0.21307356759103258,0.09892814849317073,0.16145157752625422,-0.13736435472965242,0.3793938100337979
2019-03-28,NIFTY 50 ETF,Round 5 (no volatility uncertainty),0.0155,-0.21307356759103258,0.09876347823441028,0.1593629553973334,-0.13700205981731414,0.37473224401474
2019-03-28,NIFTY 50 ETF,Student-t dof 3 (fatter tails),0.0185,-0.21307356759103258,0.10213385815173387,0.17366826252148246,-0.13619206845760345,0.3773221552371976
2019-03-28,NIFTY 50 ETF,Block bootstrap of own history (21-day blocks),0.011,-0.21307356759103258,0.09758590465044256,0.1414344561676187,-0.12732474212927805,0.3306390717726932
2019-03-28,Gold,"Production (Student-t dof 5, regime switching, parameter and volatility uncertainty)",0.9945,0.5103622608868692,0.047317391350865365,0.1352345819861938,-0.15526123940944672,0.26963522434234594
2019-03-28,Gold,Round 9 (volatility uncertainty 0.17),0.99675,0.5103622608868692,0.04727534006536007,0.13001500046109898,-0.1509803920984268,0.2693608462810516
2019-03-28,Gold,Round 5 (no volatility uncertainty),0.99825,0.5103622608868692,0.04714938704669475,0.12850587587435486,-0.1454230010509491,0.26686598062515254
2019-03-28,Gold,Student-t dof 3 (fatter tails),0.99325,0.5103622608868692,0.049624524727463724,0.1370882310243605,-0.1465946704149246,0.26435996294021596
2019-03-28,Gold,Block bootstrap of own history (21-day blocks),0.99975,0.5103622608868692,0.049210356799289284,0.11806314648854214,-0.13341174262954256,0.25413510281917684
2019-03-28,Balanced (60 index / 20 gold / 20 liquid),"Production (Student-t dof 5, regime switching, parameter and volatility uncertainty)",0.08175,-0.04003342706060775,0.08067099921405316,0.0979052473447621,-0.0646436333656311,0.24328021407127373
2019-03-28,Balanced (60 index / 20 gold / 20 liquid),Round 9 (volatility uncertainty 0.17),0.0835,-0.04003342706060775,0.08061427380144597,0.09423607372823747,-0.062122502923011774,0.2415252804756164
2019-03-28,Balanced (60 index / 20 gold / 20 liquid),Round 5 (no volatility uncertainty),0.08175,-0.04003342706060775,0.08050354401767254,0.0931028745532649,-0.062016409635543814,0.23854991793632505
2019-03-28,Balanced (60 index / 20 gold / 20 liquid),Student-t dof 3 (fatter tails),0.07875,-0.04003342706060775,0.08243534421920776,0.09914568257791581,-0.06205298006534576,0.24242513179779046
2019-03-28,Balanced (60 index / 20 gold / 20 liquid),Block bootstrap of own history (21-day blocks),0.07725,-0.04003342706060775,0.07938657907138405,0.08397342315211866,-0.057885403317533245,0.2197704262345848
2019-03-28,"8 large stocks, equal weight","Production (Student-t dof 5, regime switching, parameter and volatility uncertainty)",0.05075,-0.12477051415309992,0.1256659758910537,0.1737570007911856,-0.12605858445167542,0.41690264940261806
2019-03-28,"8 large stocks, equal weight",Round 9 (volatility uncertainty 0.17),0.04625,-0.12477051415309992,0.1256121609956026,0.1669520007620589,-0.11898570358753204,0.4145180702209469
2019-03-28,"8 large stocks, equal weight",Round 5 (no volatility uncertainty),0.045,-0.12477051415309992,0.12544301798939705,0.16478985069873195,-0.11854213774204253,0.4085035741329189
2019-03-28,"8 large stocks, equal weight",Student-t dof 3 (fatter tails),0.04575,-0.12477051415309992,0.12892536406964064,0.17967003118428646,-0.11792998313903807,0.41276708245277355
2019-03-28,"8 large stocks, equal weight",Block bootstrap of own history (21-day blocks),0.04275,-0.12477051415309992,0.12757106483727268,0.154092949125134,-0.11356812952525405,0.39144286955249263
2019-06-28,NIFTY 50 ETF,"Production (Student-t dof 5, regime switching, parameter and volatility uncertainty)",0.09975,-0.07974771166349348,0.10576745735108853,0.16755778067661925,-0.13130401074886322,0.3814894497394558
2019-06-28,NIFTY 50 ETF,Round 9 (volatility uncertainty 0.17),0.0985,-0.07974771166349348,0.10559597900509834,0.16038687704798732,-0.12542955875396727,0.379445260763168
2019-06-28,NIFTY 50 ETF,Round 5 (no volatility uncertainty),0.097,-0.07974771166349348,0.10532574391365052,0.15814430026711643,-0.12437726855278014,0.37952625155448905
2019-06-28,NIFTY 50 ETF,Student-t dof 3 (fatter tails),0.09375,-0.07974771166349348,0.10808843328058719,0.1689926887048025,-0.12819321751594542,0.3771492242813107
2019-06-28,NIFTY 50 ETF,Block bootstrap of own history (21-day blocks),0.081,-0.07974771166349348,0.10637682052511499,0.14238381211083748,-0.11212421158127306,0.3538878146730069
2019-06-28,Gold,"Production (Student-t dof 5, regime switching, parameter and volatility uncertainty)",0.99,0.4409847071095765,0.0521828747689724,0.13459560458304423,-0.1459320068359375,0.27075352072715736
2019-06-28,Gold,Round 9 (volatility uncertainty 0.17),0.99175,0.4409847071095765,0.05203968487679958,0.1289744405925005,-0.13807373344898222,0.27194636464118954
2019-06-28,Gold,Round 5 (no volatility uncertainty),0.99325,0.4409847071095765,0.05182237002253533,0.1273299969854159,-0.1388248860836029,0.2701138913631439
2019-06-28,Gold,Student-t dof 3 (fatter tails),0.98975,0.4409847071095765,0.054046819001436236,0.135564232978385,-0.14486528038978577,0.2658028781414029
2019-06-28,Gold,Block bootstrap of own history (21-day blocks),0.99775,0.4409847071095765,0.04374067702188342,0.11862469937267245,-0.13461200963618872,0.2551424238895424
2019-06-28,Balanced (60 index / 20 gold / 20 liquid),"Production (Student-t dof 5, regime switching, parameter and volatility uncertainty)",0.3385,0.04536522126732878,0.08432835587859154,0.09678283794345861,-0.05692374110221863,0.24283629655837982
2019-06-28,Balanced (60 index / 20 gold / 20 liquid),Round 9 (volatility uncertainty 0.17),0.345,0.04536522126732878,0.08419863951206208,0.09291784630625569,-0.05470623672008514,0.24012488722801206
2019-06-28,Balanced (60 index / 20 gold / 20 liquid),Round 5 (no volatility uncertainty),0.3465,0.04536522126732878,0.08402376185357571,0.09175732759653654,-0.05343526303768158,0.24009097814559924
2019-06-28,Balanced (60 index / 20 gold / 20 liquid),Student-t dof 3 (fatter tails),0.3265,0.04536522126732878,0.08567162510752678,0.09658868960106119,-0.05533554553985596,0.23963300585746758
2019-06-28,Balanced (60 index / 20 gold / 20 liquid),Block bootstrap of own history (21-day blocks),0.329,0.04536522126732878,0.08337060621458275,0.082727997487096,-0.04999609829895882,0.22312956322495311
2019-06-28,"8 large stocks, equal weight","Production (Student-t dof 5, regime switching, parameter and volatility uncertainty)",0.21,0.006026708598011465,0.1319140044301748,0.17341145854899778,-0.11287243366241455,0.4173792898654932
2019-06-28,"8 large stocks, equal weight",Round 9 (volatility uncertainty 0.17),0.2145,0.006026708598011465,0.13173846353590488,0.16597031357429703,-0.10716935992240906,0.4151250422000882
2019-06-28,"8 large stocks, equal weight",Round 5 (no volatility uncertainty),0.21175,0.006026708598011465,0.13146003195643424,0.16364474196277634,-0.10663464367389679,0.4157160997390747
2019-06-28,"8 large stocks, equal weight",Student-t dof 3 (fatter tails),0.19725,0.006026708598011465,0.1343181331306696,0.17498149184607675,-0.11001559793949127,0.41237887740135143
2019-06-28,"8 large stocks, equal weight",Block bootstrap of own history (21-day blocks),0.2045,0.006026708598011465,0.13570756503569506,0.15390464047987706,-0.0945393387720957,0.41127938996727714
2019-09-30,NIFTY 50 ETF,"Production (Student-t dof 5, regime switching, parameter and volatility uncertainty)",0.34175,0.027334704403090937,0.09750752902030944,0.17459095135694985,-0.15115672647953032,0.38790185451507553
2019-09-30,NIFTY 50 ETF,Round 9 (volatility uncertainty 0.17),0.35075,0.027334704403090937,0.09735581204295159,0.16733217782523413,-0.14593773782253264,0.38077487945556626
2019-09-30,NIFTY 50 ETF,Round 5 (no volatility uncertainty),0.3575,0.027334704403090937,0.09707978641986847,0.1647809803864783,-0.14553355574607849,0.38166810870170587
2019-09-30,NIFTY 50 ETF,Student-t dof 3 (fatter tails),0.336,0.027334704403090937,0.10117348635196685,0.17643186366929603,-0.1442121863365173,0.3786993741989135
2019-09-30,NIFTY 50 ETF,Block bootstrap of own history (21-day blocks),0.33675,0.027334704403090937,0.09148508690459005,0.14073336015835353,-0.12740117316279645,0.3374891310174427
2019-09-30,Gold,"Production (Student-t dof 5, regime switching, parameter and volatility uncertainty)",0.966,0.33292898525523595,0.06000540629029274,0.14373178223528119,-0.15297931730747222,0.29865891933441163
2019-09-30,Gold,Round 9 (volatility uncertainty 0.17),0.9655,0.33292898525523595,0.05989095389842987,0.1380016637834851,-0.1482202023267746,0.2939548909664153
2019-09-30,Gold,Round 5 (no volatility uncertainty),0.969,0.33292898525523595,0.05968317465484142,0.1362036379329023,-0.14488903284072877,0.2940580964088438
2019-09-30,Gold,Student-t dof 3 (fatter tails),0.966,0.33292898525523595,0.06291169282793999,0.14451560775836883,-0.14821554124355316,0.29220296740531904
2019-09-30,Gold,Block bootstrap of own history (21-day blocks),0.97225,0.33292898525523595,0.06160669216388539,0.12635712078301078,-0.12518738084529013,0.2916713549952739
2019-09-30,Balanced (60 index / 20 gold / 20 liquid),"Production (Student-t dof 5, regime switching, parameter and volatility uncertainty)",0.6025,0.09834779854463016,0.08108038394153118,0.10147779195093584,-0.06892374455928801,0.24874767065048214
2019-09-30,Balanced (60 index / 20 gold / 20 liquid),Round 9 (volatility uncertainty 0.17),0.598,0.09834779854463016,0.08096588833630085,0.09752132415425785,-0.06613841354846954,0.24247474074363695
2019-09-30,Balanced (60 index / 20 gold / 20 liquid),Round 5 (no volatility uncertainty),0.60025,0.09834779854463016,0.0807963850647211,0.09621051004070619,-0.06625951528549194,0.24397646188735955
2019-09-30,Balanced (60 index / 20 gold / 20 liquid),Student-t dof 3 (fatter tails),0.5925,0.09834779854463016,0.08322639563679696,0.1014986296512994,-0.06409010589122771,0.24501358270645132
2019-09-30,Balanced (60 index / 20 gold / 20 liquid),Block bootstrap of own history (21-day blocks),0.60875,0.09834779854463016,0.07815114635499362,0.08116752387762242,-0.0503488729981815,0.2134613895903002
2019-09-30,"8 large stocks, equal weight","Production (Student-t dof 5, regime switching, parameter and volatility uncertainty)",0.38075,0.06834168674412111,0.12542873924970627,0.17870273746188162,-0.1296881318092346,0.4220559000968932
2019-09-30,"8 large stocks, equal weight",Round 9 (volatility uncertainty 0.17),0.38925,0.06834168674412111,0.12527429389953612,0.17127478647660982,-0.1243028998374939,0.41633576154708857
2019-09-30,"8 large stocks, equal weight",Round 5 (no volatility uncertainty),0.39175,0.06834168674412111,0.1249927127212286,0.1686723085943135,-0.12347926497459412,0.41575552821159334
2019-09-30,"8 large stocks, equal weight",Student-t dof 3 (fatter tails),0.37325,0.06834168674412111,0.12917810739576815,0.18057591886943336,-0.12188675999641416,0.4135115146636962
2019-09-30,"8 large stocks, equal weight",Block bootstrap of own history (21-day blocks),0.3965,0.06834168674412111,0.11933709607533129,0.15079081446107334,-0.10685996186885528,0.38875205949258623
2019-12-31,NIFTY 50 ETF,"Production (Student-t dof 5, regime switching, parameter and volatility uncertainty)",0.71225,0.1669377765101836,0.0984944121018052,0.16794964791753972,-0.14441055059432983,0.37609447240829463
2019-12-31,NIFTY 50 ETF,Round 9 (volatility uncertainty 0.17),0.70525,0.1669377765101836,0.0985309775173664,0.1612714364800104,-0.13468428552150727,0.37159793376922584
2019-12-31,NIFTY 50 ETF,Round 5 (no volatility uncertainty),0.69925,0.1669377765101836,0.09841647829115391,0.15891583522812136,-0.13206265568733216,0.37197082042694074
2019-12-31,NIFTY 50 ETF,Student-t dof 3 (fatter tails),0.70675,0.1669377765101836,0.10326080480217933,0.17473361181548985,-0.1387397676706314,0.37596012949943525
2019-12-31,NIFTY 50 ETF,Block bootstrap of own history (21-day blocks),0.69825,0.1669377765101836,0.09636769668827878,0.14141101269698642,-0.12675365052160859,0.33268069299228137
2019-12-31,Gold,"Production (Student-t dof 5, regime switching, parameter and volatility uncertainty)",0.9525,0.29230767697564963,0.06311007635295392,0.13660978435187646,-0.13932957649230954,0.28596827983856193
2019-12-31,Gold,Round 9 (volatility uncertainty 0.17),0.955,0.29230767697564963,0.06314233708381653,0.13134585706604515,-0.13306823074817656,0.2795466959476471
2019-12-31,Gold,Round 5 (no volatility uncertainty),0.95525,0.29230767697564963,0.06305830469727516,0.12967361712099879,-0.12799894213676452,0.27990963459014884
2019-12-31,Gold,Student-t dof 3 (fatter tails),0.9525,0.29230767697564963,0.06654273764044047,0.13934196983899264,-0.13497953116893768,0.2866922318935394
2019-12-31,Gold,Block bootstrap of own history (21-day blocks),0.9605,0.29230767697564963,0.05224003398330218,0.12368928104504935,-0.1328569291805805,0.2757988776466134
2019-12-31,Balanced (60 index / 20 gold / 20 liquid),"Production (Student-t dof 5, regime switching, parameter and volatility uncertainty)",0.862,0.1782486034592934,0.08275476981699467,0.09765107035481248,-0.06356529891490935,0.24204444289207452
2019-12-31,Balanced (60 index / 20 gold / 20 liquid),Round 9 (volatility uncertainty 0.17),0.85775,0.1782486034592934,0.08275101411342621,0.09396397629238888,-0.058538419008255,0.24028335809707635
2019-12-31,Balanced (60 index / 20 gold / 20 liquid),Round 5 (no volatility uncertainty),0.861,0.1782486034592934,0.08267361985147,0.09273920415143716,-0.056017690896987916,0.24005963206291195
2019-12-31,Balanced (60 index / 20 gold / 20 liquid),Student-t dof 3 (fatter tails),0.86325,0.1782486034592934,0.08546237424015998,0.09935861704938959,-0.06032421588897705,0.24283118844032284
2019-12-31,Balanced (60 index / 20 gold / 20 liquid),Block bootstrap of own history (21-day blocks),0.8835,0.1782486034592934,0.07915040175200014,0.08141115627291383,-0.051048611765792846,0.21430150418274466
2019-12-31,"8 large stocks, equal weight","Production (Student-t dof 5, regime switching, parameter and volatility uncertainty)",0.84125,0.27035279917700983,0.12254489636421204,0.17175222077420063,-0.12575956881046294,0.40691421031951897
2019-12-31,"8 large stocks, equal weight",Round 9 (volatility uncertainty 0.17),0.83725,0.27035279917700983,0.12258313350379467,0.1649164667872679,-0.1163870632648468,0.40237214565277085
2019-12-31,"8 large stocks, equal weight",Round 5 (no volatility uncertainty),0.83875,0.27035279917700983,0.12246667204797268,0.1625109485286881,-0.11334796547889708,0.40318760275840754
2019-12-31,"8 large stocks, equal weight",Student-t dof 3 (fatter tails),0.84175,0.27035279917700983,0.12740753480046987,0.17865772810819855,-0.12004849314689636,0.4072396039962768
2019-12-31,"8 large stocks, equal weight",Block bootstrap of own history (21-day blocks),0.83625,0.27035279917700983,0.12424451539006856,0.147872156239337,-0.1014162577455742,0.3741438656142325
2020-03-31,NIFTY 50 ETF,"Production (Student-t dof 5, regime switching, parameter and volatility uncertainty)",0.9895,0.7274309670095527,0.061242381937801835,0.22288351786924934,-0.2631140649318695,0.42994502782821653
2020-03-31,NIFTY 50 ETF,Round 9 (volatility uncertainty 0.17),0.994,0.7274309670095527,0.060662933900952336,0.21029216584882737,-0.25048803091049193,0.42993915677070604
2020-03-31,NIFTY 50 ETF,Round 5 (no volatility uncertainty),0.99625,0.7274309670095527,0.06019105790555477,0.20652961286088092,-0.23804496228694916,0.42212632298469543
2020-03-31,NIFTY 50 ETF,Student-t dof 3 (fatter tails),0.98725,0.7274309670095527,0.061906100161373614,0.22640558728999807,-0.2516704648733139,0.4284092247486113
2020-03-31,NIFTY 50 ETF,Block bootstrap of own history (21-day blocks),1.0,0.7274309670095527,0.08385235766966898,0.17327226169889084,-0.22223075496091577,0.3564816476151383
2020-03-31,Gold,"Production (Student-t dof 5, regime switching, parameter and volatility uncertainty)",0.45325,0.049725243951944,0.0814416072294116,0.1855091244932224,-0.19268769621849058,0.3918900370597835
2020-03-31,Gold,Round 9 (volatility uncertainty 0.17),0.457,0.049725243951944,0.08097840660810471,0.17556358054027912,-0.18165989816188813,0.39032998681068415
2020-03-31,Gold,Round 5 (no volatility uncertainty),0.459,0.049725243951944,0.08058942927420139,0.17260199539785404,-0.17261200845241545,0.3835979938507078
2020-03-31,Gold,Student-t dof 3 (fatter tails),0.45275,0.049725243951944,0.08219980525225401,0.18737824024128613,-0.18326651453971862,0.38960461616516084
2020-03-31,Gold,Block bootstrap of own history (21-day blocks),0.4665,0.049725243951944,0.0702083750004171,0.1276854442614957,-0.12111610524271509,0.2961108617176673
2020-03-31,Balanced (60 index / 20 gold / 20 liquid),"Production (Student-t dof 5, regime switching, parameter and volatility uncertainty)",0.987,0.4224201664390259,0.0629196967035532,0.13370958035677233,-0.1412696599960327,0.28346186280250535
2020-03-31,Balanced (60 index / 20 gold / 20 liquid),Round 9 (volatility uncertainty 0.17),0.99325,0.4224201664390259,0.06260809354484081,0.12709215663799983,-0.1328165501356125,0.2808826327323912
2020-03-31,Balanced (60 index / 20 gold / 20 liquid),Round 5 (no volatility uncertainty),0.99425,0.4224201664390259,0.06233251520991325,0.1251124099797655,-0.12645066976547242,0.27637518048286436
2020-03-31,Balanced (60 index / 20 gold / 20 liquid),Student-t dof 3 (fatter tails),0.986,0.4224201664390259,0.06336447010934353,0.13395318437575926,-0.13368080854415892,0.2806507527828216
2020-03-31,Balanced (60 index / 20 gold / 20 liquid),Block bootstrap of own history (21-day blocks),1.0,0.4224201664390259,0.07454345481162909,0.10285936922284052,-0.11525294516911219,0.22744962177123568
2020-03-31,"8 large stocks, equal weight","Production (Student-t dof 5, regime switching, parameter and volatility uncertainty)",0.98525,0.7207615272354657,0.0919306348785758,0.23599631394743806,-0.24980733692646026,0.48258030414581293
2020-03-31,"8 large stocks, equal weight",Round 9 (volatility uncertainty 0.17),0.9885,0.7207615272354657,0.09131244856119156,0.2225364992255513,-0.2367160141468048,0.4826171338558195
2020-03-31,"8 large stocks, equal weight",Round 5 (no volatility uncertainty),0.99,0.7207615272354657,0.090811557687819,0.21851582990186458,-0.2236728876829147,0.4739905297756193
2020-03-31,"8 large stocks, equal weight",Student-t dof 3 (fatter tails),0.98375,0.7207615272354657,0.0926329999268055,0.24004100805938855,-0.23833779990673065,0.48126763105392456
2020-03-31,"8 large stocks, equal weight",Block bootstrap of own history (21-day blocks),0.99975,0.7207615272354657,0.10209130219392015,0.1752559762004644,-0.20000978045808282,0.38580202770483557
2020-06-30,NIFTY 50 ETF,"Production (Student-t dof 5, regime switching, parameter and volatility uncertainty)",0.96475,0.5462016209677429,0.0801419218480587,0.2338040119704122,-0.2590249001979828,0.4837374508380886
2020-06-30,NIFTY 50 ETF,Round 9 (volatility uncertainty 0.17),0.96675,0.5462016209677429,0.07983436191082001,0.22285928298260954,-0.2432379513978958,0.47257122993469225
2020-06-30,NIFTY 50 ETF,Round 5 (no volatility uncertainty),0.9715,0.5462016209677429,0.07946689848601818,0.21925256127231163,-0.23931840062141418,0.4662822902202605
2020-06-30,NIFTY 50 ETF,Student-t dof 3 (fatter tails),0.96975,0.5462016209677429,0.08153250089287759,0.2379311582144066,-0.24399315118789672,0.4697927474975586
2020-06-30,NIFTY 50 ETF,Block bootstrap of own history (21-day blocks),0.992,0.5462016209677429,0.07505189022940968,0.19957098127236986,-0.26396376488370216,0.40190572336048347
2020-06-30,Gold,"Production (Student-t dof 5, regime switching, parameter and volatility uncertainty)",0.23,-0.034264235239602536,0.08980812819302082,0.18844092044544414,-0.19136098027229306,0.41246314644813525
2020-06-30,Gold,Round 9 (volatility uncertainty 0.17),0.2355,-0.034264235239602536,0.0895648363828659,0.17997695780537357,-0.17988465130329132,0.4058198630809783
2020-06-30,Gold,Round 5 (no volatility uncertainty),0.2415,-0.034264235239602536,0.08927141132950783,0.17721354391534533,-0.174727526307106,0.4010306477546691
2020-06-30,Gold,Student-t dof 3 (fatter tails),0.23,-0.034264235239602536,0.09101706401258707,0.18996128816523825,-0.17692725658416747,0.4024143636226653
2020-06-30,Gold,Block bootstrap of own history (21-day blocks),0.186,-0.034264235239602536,0.0902862542254701,0.14150896717628766,-0.11848509177507524,0.3411757271564145
2020-06-30,Balanced (60 index / 20 gold / 20 liquid),"Production (Student-t dof 5, regime switching, parameter and volatility uncertainty)",0.94375,0.3053602134334441,0.07609573556482792,0.14004845969066845,-0.1384988784790039,0.31681934595108024
2020-06-30,Balanced (60 index / 20 gold / 20 liquid),Round 9 (volatility uncertainty 0.17),0.9485,0.3053602134334441,0.0759210961163044,0.13407832359696614,-0.12859078049659728,0.30660166740417477
2020-06-30,Balanced (60 index / 20 gold / 20 liquid),Round 5 (no volatility uncertainty),0.95125,0.3053602134334441,0.07570705063641071,0.13216878423434827,-0.12475947141647338,0.303853404521942
2020-06-30,Balanced (60 index / 20 gold / 20 liquid),Student-t dof 3 (fatter tails),0.94875,0.3053602134334441,0.07701696786284447,0.14029320850876353,-0.12787930369377137,0.307995593547821
2020-06-30,Balanced (60 index / 20 gold / 20 liquid),Block bootstrap of own history (21-day blocks),0.97775,0.3053602134334441,0.07325200515137661,0.12185060906347496,-0.14027408732452637,0.26579597722004744
2020-06-30,"8 large stocks, equal weight","Production (Student-t dof 5, regime switching, parameter and volatility uncertainty)",0.94825,0.5284790685937213,0.10682980669289828,0.24752119284281576,-0.25080062448978424,0.5352321505546568
2020-06-30,"8 large stocks, equal weight",Round 9 (volatility uncertainty 0.17),0.952,0.5284790685937213,0.1065020750015974,0.2358393278924371,-0.23368059992790222,0.522170054912567
2020-06-30,"8 large stocks, equal weight",Round 5 (no volatility uncertainty),0.9535,0.5284790685937213,0.1061116118133068,0.23198159252786069,-0.23011724650859833,0.5160701990127562
2020-06-30,"8 large stocks, equal weight",Student-t dof 3 (fatter tails),0.95275,0.5284790685937213,0.10829580488055944,0.2522904332200789,-0.23477284908294677,0.5182513415813441
2020-06-30,"8 large stocks, equal weight",Block bootstrap of own history (21-day blocks),0.981,0.5284790685937213,0.09976979023804486,0.19970558265877542,-0.23719903824276728,0.42670552639263387
2020-09-30,NIFTY 50 ETF,"Production (Student-t dof 5, regime switching, parameter and volatility uncertainty)",0.977,0.5994330595856807,0.09478025516867637,0.2186124997992622,-0.21167621612548826,0.45701304674148546
2020-09-30,NIFTY 50 ETF,Round 9 (volatility uncertainty 0.17),0.9795,0.5994330595856807,0.09449745479971171,0.20818757547625044,-0.20135622322559354,0.4572551250457762
2020-09-30,NIFTY 50 ETF,Round 5 (no volatility uncertainty),0.98225,0.5994330595856807,0.09413305770605802,0.20451245151280173,-0.1970907986164093,0.4518607258796691
2020-09-30,NIFTY 50 ETF,Student-t dof 3 (fatter tails),0.9795,0.5994330595856807,0.09731097628176212,0.2213298562828876,-0.2035083442926407,0.4460527479648589
2020-09-30,NIFTY 50 ETF,Block bootstrap of own history (21-day blocks),0.99525,0.5994330595856807,0.09715365304882326,0.19767862668233327,-0.24414944079769277,0.4147582986467611
2020-09-30,Gold,"Production (Student-t dof 5, regime switching, parameter and volatility uncertainty)",0.12925,-0.08216389866547691,0.09347133564203977,0.17990493608387367,-0.16837754547595976,0.3927649617195129
2020-09-30,Gold,Round 9 (volatility uncertainty 0.17),0.13225,-0.08216389866547691,0.09324590702354908,0.1718107819728987,-0.16008990705013273,0.38496963381767263
2020-09-30,Gold,Round 5 (no volatility uncertainty),0.13125,-0.08216389866547691,0.09295927292108536,0.16915230852769583,-0.15682232379913327,0.3829975008964534
2020-09-30,Gold,Student-t dof 3 (fatter tails),0.12075,-0.08216389866547691,0.09573384173214436,0.1803860941044538,-0.15953330397605897,0.3809473693370815
2020-09-30,Gold,Block bootstrap of own history (21-day blocks),0.09775,-0.08216389866547691,0.09614833420318628,0.14896508182029802,-0.11983334465642949,0.37007001565262676
2020-09-30,Balanced (60 index / 20 gold / 20 liquid),"Production (Student-t dof 5, regime switching, parameter and volatility uncertainty)",0.95775,0.3173985181118506,0.08596818044781684,0.13111092275620084,-0.1070150017738342,0.3031396448612212
2020-09-30,Balanced (60 index / 20 gold / 20 liquid),Round 9 (volatility uncertainty 0.17),0.96025,0.3173985181118506,0.08578107272088528,0.12543574296235296,-0.10149199068546294,0.30037819147109973
2020-09-30,Balanced (60 index / 20 gold / 20 liquid),Round 5 (no volatility uncertainty),0.96075,0.3173985181118506,0.08555560413002967,0.12355585027463299,-0.09849267899990082,0.29783319830894445
2020-09-30,Balanced (60 index / 20 gold / 20 liquid),Student-t dof 3 (fatter tails),0.95975,0.3173985181118506,0.08750382794439793,0.13037402101779916,-0.10233294665813446,0.2976427257061004
2020-09-30,Balanced (60 index / 20 gold / 20 liquid),Block bootstrap of own history (21-day blocks),0.97725,0.3173985181118506,0.08769376243364814,0.12080962831889779,-0.12473239072102238,0.2754511967133118
2020-09-30,"8 large stocks, equal weight","Production (Student-t dof 5, regime switching, parameter and volatility uncertainty)",0.97,0.5877284256942494,0.11576854464411736,0.23162513573767696,-0.2078240782022476,0.5002093851566314
2020-09-30,"8 large stocks, equal weight",Round 9 (volatility uncertainty 0.17),0.97125,0.5877284256942494,0.11547204567492009,0.2204716009296319,-0.19632326364517208,0.49995806813240024
2020-09-30,"8 large stocks, equal weight",Round 5 (no volatility uncertainty),0.9715,0.5877284256942494,0.11508667831122875,0.21651535984212764,-0.19184606671333312,0.49431998729705806
2020-09-30,"8 large stocks, equal weight",Student-t dof 3 (fatter tails),0.96925,0.5877284256942494,0.11845481450855731,0.23503670441836394,-0.19842198193073274,0.48733242154121353
2020-09-30,"8 large stocks, equal weight",Block bootstrap of own history (21-day blocks),0.9885,0.5877284256942494,0.11684816542384081,0.19657432659864427,-0.21409431470498358,0.43947737578985246
2020-12-31,NIFTY 50 ETF,"Production (Student-t dof 5, regime switching, parameter and volatility uncertainty)",0.804,0.28744877399469493,0.13231499726325274,0.21978428463271185,-0.1907564252614975,0.5074677526950836
2020-12-31,NIFTY 50 ETF,Round 9 (volatility uncertainty 0.17),0.798,0.28744877399469493,0.13199347421526908,0.20984183359857203,-0.1796046644449234,0.4997298419475548
2020-12-31,NIFTY 50 ETF,Round 5 (no volatility uncertainty),0.79525,0.28744877399469493,0.1316229505389929,0.20671970889113828,-0.174744176864624,0.49211263060569754
2020-12-31,NIFTY 50 ETF,Student-t dof 3 (fatter tails),0.8105,0.28744877399469493,0.13611225101351737,0.22328382248488363,-0.17954607903957367,0.4890307068824768
2020-12-31,NIFTY 50 ETF,Block bootstrap of own history (21-day blocks),0.75175,0.28744877399469493,0.14569870145350874,0.21024735564172606,-0.21953119619329503,0.47901925036326254
2020-12-31,Gold,"Production (Student-t dof 5, regime switching, parameter and volatility uncertainty)",0.169,-0.057371390206473305,0.0957911606580019,0.1781589964871426,-0.16837878227233888,0.403520655632019
2020-12-31,Gold,Round 9 (volatility uncertainty 0.17),0.17325,-0.057371390206473305,0.09553332640230655,0.17031303518648258,-0.15762962400913239,0.3920785307884212
2020-12-31,Gold,Round 5 (no volatility uncertainty),0.1745,-0.057371390206473305,0.09523180028796197,0.1678653508976655,-0.15468685925006867,0.39027543663978576
2020-12-31,Gold,Student-t dof 3 (fatter tails),0.1555,-0.057371390206473305,0.0990246236026287,0.18011791227075172,-0.1594192326068878,0.3894675254821777
2020-12-31,Gold,Block bootstrap of own history (21-day blocks),0.156,-0.057371390206473305,0.08467993846044669,0.14899262814236264,-0.12632611071205097,0.34703104238961663
2020-12-31,Balanced (60 index / 20 gold / 20 liquid),"Production (Student-t dof 5, regime switching, parameter and volatility uncertainty)",0.69675,0.16256491146302765,0.10864220422506332,0.13068368556546572,-0.0906152069568634,0.32777987122535696
2020-12-31,Balanced (60 index / 20 gold / 20 liquid),Round 9 (volatility uncertainty 0.17),0.69075,0.16256491146302765,0.10845646998286247,0.12518602849057694,-0.08451676666736603,0.32276659607887237
2020-12-31,Balanced (60 index / 20 gold / 20 liquid),Round 5 (no volatility uncertainty),0.685,0.16256491146302765,0.10823440629243851,0.12349882391149263,-0.08245340585708619,0.31906139254570004
2020-12-31,Balanced (60 index / 20 gold / 20 liquid),Student-t dof 3 (fatter tails),0.701,0.16256491146302765,0.11095924493670463,0.1307638209786399,-0.08486285805702208,0.31862918138504015
2020-12-31,Balanced (60 index / 20 gold / 20 liquid),Block bootstrap of own history (21-day blocks),0.64475,0.16256491146302765,0.11374572313085878,0.12484125803355037,-0.10636457165571812,0.30477695956860407
2020-12-31,"8 large stocks, equal weight","Production (Student-t dof 5, regime switching, parameter and volatility uncertainty)",0.75525,0.28689096151979854,0.1576914905384183,0.23302578239479937,-0.18325383067131043,0.556301712989807
2020-12-31,"8 large stocks, equal weight",Round 9 (volatility uncertainty 0.17),0.74975,0.28689096151979854,0.1573493753373623,0.22240910659450502,-0.1718321442604065,0.5482649028301234
2020-12-31,"8 large stocks, equal weight",Round 5 (no volatility uncertainty),0.747,0.28689096151979854,0.15695646538585425,0.21907017249746968,-0.1662798196077347,0.539761883020401
2020-12-31,"8 large stocks, equal weight",Student-t dof 3 (fatter tails),0.766,0.28689096151979854,0.16171268112957476,0.23714666752152205,-0.17154898047447203,0.5363747715950011
2020-12-31,"8 large stocks, equal weight",Block bootstrap of own history (21-day blocks),0.72125,0.28689096151979854,0.169351397113,0.20896055762169147,-0.1882579989973531,0.5002685346672718
2021-03-31,NIFTY 50 ETF,"Production (Student-t dof 5, regime switching, parameter and volatility uncertainty)",0.691,0.22804782070981489,0.14555333273857832,0.2216563950267198,-0.17723962962627407,0.5250686585903167
2021-03-31,NIFTY 50 ETF,Round 9 (volatility uncertainty 0.17),0.68425,0.22804782070981489,0.14520909760147332,0.21161765097797955,-0.16562608182430266,0.516005605459213
2021-03-31,NIFTY 50 ETF,Round 5 (no volatility uncertainty),0.67975,0.22804782070981489,0.14480564867705106,0.20832691961378416,-0.1649588942527771,0.5081024408340453
2021-03-31,NIFTY 50 ETF,Student-t dof 3 (fatter tails),0.69825,0.22804782070981489,0.14835173892974854,0.22420410629854046,-0.17243870794773103,0.5059246480464935
2021-03-31,NIFTY 50 ETF,Block bootstrap of own history (21-day blocks),0.61875,0.22804782070981489,0.15670890602082205,0.20661212403310486,-0.20857945157198285,0.4774928823130901
2021-03-31,Gold,"Production (Student-t dof 5, regime switching, parameter and volatility uncertainty)",0.7535,0.1655751588341272,0.07296824338287115,0.17150688221172908,-0.1789124548435211,0.3642648994922636
2021-03-31,Gold,Round 9 (volatility uncertainty 0.17),0.7485,0.1655751588341272,0.07269794476032257,0.16391915538789215,-0.16911272406578065,0.35649087429046616
2021-03-31,Gold,Round 5 (no volatility uncertainty),0.7445,0.1655751588341272,0.07237886002659798,0.1614634194964408,-0.16884797513484956,0.35545027256011946
2021-03-31,Gold,Student-t dof 3 (fatter tails),0.75725,0.1655751588341272,0.07526984219253063,0.17295375316177158,-0.1761728674173355,0.3531991899013516
2021-03-31,Gold,Block bootstrap of own history (21-day blocks),0.7615,0.1655751588341272,0.06919594745053038,0.14837808213079753,-0.14491084499561876,0.33199543619065075
2021-03-31,Balanced (60 index / 20 gold / 20 liquid),"Production (Student-t dof 5, regime switching, parameter and volatility uncertainty)",0.73025,0.1796933990983378,0.1120607705116272,0.131194076385547,-0.08563476502895355,0.33252800703048685
2021-03-31,Balanced (60 index / 20 gold / 20 liquid),Round 9 (volatility uncertainty 0.17),0.724,0.1796933990983378,0.11185767234861851,0.12572533196483748,-0.08102932870388031,0.3290363132953643
2021-03-31,Balanced (60 index / 20 gold / 20 liquid),Round 5 (no volatility uncertainty),0.72225,0.1796933990983378,0.1116136553734541,0.12402620147786232,-0.08029454052448272,0.3212496221065521
2021-03-31,Balanced (60 index / 20 gold / 20 liquid),Student-t dof 3 (fatter tails),0.7395,0.1796933990983378,0.11378835393488407,0.13087864945401886,-0.08410574197769165,0.32191348075866694
2021-03-31,Balanced (60 index / 20 gold / 20 liquid),Block bootstrap of own history (21-day blocks),0.68825,0.1796933990983378,0.11711704958976683,0.12306206078821172,-0.10484469580092083,0.30563382951928436
2021-03-31,"8 large stocks, equal weight","Production (Student-t dof 5, regime switching, parameter and volatility uncertainty)",0.61975,0.21644266549749225,0.170753631003201,0.23365445885673883,-0.16803730130195613,0.5711843490600584
2021-03-31,"8 large stocks, equal weight",Round 9 (volatility uncertainty 0.17),0.61775,0.21644266549749225,0.17039030561596155,0.22299958715561716,-0.15611837804317474,0.5614195406436919
2021-03-31,"8 large stocks, equal weight",Round 5 (no volatility uncertainty),0.6115,0.21644266549749225,0.16996537267416717,0.2194944108676115,-0.15532048046588898,0.5538859903812408
2021-03-31,"8 large stocks, equal weight",Student-t dof 3 (fatter tails),0.62425,0.21644266549749225,0.17369788025319577,0.23665734071323488,-0.1628892034292221,0.5512947380542754
2021-03-31,"8 large stocks, equal weight",Block bootstrap of own history (21-day blocks),0.57725,0.21644266549749225,0.17725818576562105,0.20558752689447135,-0.1791850831499981,0.5099211399634365
2021-06-30,NIFTY 50 ETF,"Production (Student-t dof 5, regime switching, parameter and volatility uncertainty)",0.274,0.017205630694189677,0.14563856269419193,0.22091420494431446,-0.1799117863178253,0.5237842738628383
2021-06-30,NIFTY 50 ETF,Round 9 (volatility uncertainty 0.17),0.27625,0.017205630694189677,0.1453841866105795,0.21129651861003332,-0.16594136655330657,0.5157611846923824
2021-06-30,NIFTY 50 ETF,Round 5 (no volatility uncertainty),0.2795,0.017205630694189677,0.14507950177043677,0.20847421941493552,-0.1636570930480957,0.5094420075416565
2021-06-30,NIFTY 50 ETF,Student-t dof 3 (fatter tails),0.255,0.017205630694189677,0.14958444778621197,0.22510406774237118,-0.1725453495979309,0.5054739177227009
2021-06-30,NIFTY 50 ETF,Block bootstrap of own history (21-day blocks),0.25575,0.017205630694189677,0.14192375107547572,0.21163006854636132,-0.22724224861406234,0.4759934840778588
2021-06-30,Gold,"Production (Student-t dof 5, regime switching, parameter and volatility uncertainty)",0.61525,0.10562681961857834,0.07161697812378406,0.1700125763063621,-0.17816953063011168,0.36679556369781485
2021-06-30,Gold,Round 9 (volatility uncertainty 0.17),0.6125,0.10562681961857834,0.07141560743749141,0.1627895435572188,-0.16896649599075317,0.35940293073654167
2021-06-30,Gold,Round 5 (no volatility uncertainty),0.6145,0.10562681961857834,0.07117385545372963,0.16068483636527528,-0.16803154945373536,0.3544761300086975
2021-06-30,Gold,Student-t dof 3 (fatter tails),0.6165,0.10562681961857834,0.07484100992977619,0.17261792718879604,-0.17484385371208191,0.35251815915107726
2021-06-30,Gold,Block bootstrap of own history (21-day blocks),0.614,0.10562681961857834,0.07824189525128307,0.14745710444739388,-0.13304620351652302,0.34550755844421277
2021-06-30,Balanced (60 index / 20 gold / 20 liquid),"Production (Student-t dof 5, regime switching, parameter and volatility uncertainty)",0.2945,0.04334400009468342,0.11197151464223862,0.1315853012485892,-0.08904954791069031,0.33453179597854593
2021-06-30,Balanced (60 index / 20 gold / 20 liquid),Round 9 (volatility uncertainty 0.17),0.2965,0.04334400009468342,0.1118133058398962,0.12626129142620265,-0.08096393048763274,0.32855334281921383
2021-06-30,Balanced (60 index / 20 gold / 20 liquid),Round 5 (no volatility uncertainty),0.29825,0.04334400009468342,0.11162123563885688,0.12472520631556194,-0.08073641657829284,0.3244041502475738
2021-06-30,Balanced (60 index / 20 gold / 20 liquid),Student-t dof 3 (fatter tails),0.27475,0.04334400009468342,0.1143714624941349,0.13192323457629326,-0.08476871848106383,0.3228269696235656
2021-06-30,Balanced (60 index / 20 gold / 20 liquid),Block bootstrap of own history (21-day blocks),0.2595,0.04334400009468342,0.11019871781960569,0.12736162059633271,-0.11864931805707386,0.30825790807490766
2021-06-30,"8 large stocks, equal weight","Production (Student-t dof 5, regime switching, parameter and volatility uncertainty)",0.3805,0.0898259293065653,0.1677572223469615,0.2314423523619614,-0.17190039157867432,0.564544957876205
2021-06-30,"8 large stocks, equal weight",Round 9 (volatility uncertainty 0.17),0.387,0.0898259293065653,0.16749132053554058,0.22131123699116528,-0.15749058723449705,0.5561885535717006
2021-06-30,"8 large stocks, equal weight",Round 5 (no volatility uncertainty),0.38625,0.0898259293065653,0.1671732220426202,0.21833594606522738,-0.15543498694896699,0.5492411136627197
2021-06-30,"8 large stocks, equal weight",Student-t dof 3 (fatter tails),0.36075,0.0898259293065653,0.1718883894905448,0.23615370188591397,-0.16424257159233094,0.5450993239879596
2021-06-30,"8 large stocks, equal weight",Block bootstrap of own history (21-day blocks),0.33725,0.0898259293065653,0.16285307761527668,0.20780422027207152,-0.19719270804826267,0.49907851629637046
2021-09-30,NIFTY 50 ETF,"Production (Student-t dof 5, regime switching, parameter and volatility uncertainty)",0.214,-0.006154322051387551,0.1574463438242674,0.227610820975701,-0.1642574816942215,0.5429568648338318
2021-09-30,NIFTY 50 ETF,Round 9 (volatility uncertainty 0.17),0.22025,-0.006154322051387551,0.156702026411891,0.2150177986197432,-0.15058015882968903,0.5336959362030028
2021-09-30,NIFTY 50 ETF,Round 5 (no volatility uncertainty),0.22775,-0.006154322051387551,0.15603327181935311,0.21135879844061536,-0.15410155951976776,0.5270156025886535
2021-09-30,NIFTY 50 ETF,Student-t dof 3 (fatter tails),0.199,-0.006154322051387551,0.1604848551079631,0.2284661621601314,-0.16553213000297545,0.52738641500473
2021-09-30,NIFTY 50 ETF,Block bootstrap of own history (21-day blocks),0.198,-0.006154322051387551,0.16490289188126991,0.21309432664745917,-0.20990776799215397,0.504141798629677
2021-09-30,Gold,"Production (Student-t dof 5, regime switching, parameter and volatility uncertainty)",0.64975,0.11480356038400608,0.0694519286826253,0.17226465936393912,-0.17879170179367065,0.360663080215454
2021-09-30,Gold,Round 9 (volatility uncertainty 0.17),0.645,0.11480356038400608,0.06889873395860195,0.16328509368495442,-0.16744981110095977,0.3557139694690704
2021-09-30,Gold,Round 5 (no volatility uncertainty),0.64225,0.11480356038400608,0.06838445155322552,0.16062645284606863,-0.16822346448898315,0.3511436700820923
2021-09-30,Gold,Student-t dof 3 (fatter tails),0.64675,0.11480356038400608,0.0720306017100811,0.17265700581608043,-0.17591823339462279,0.3480579137802124
2021-09-30,Gold,Block bootstrap of own history (21-day blocks),0.649,0.11480356038400608,0.07522247714293627,0.14738668118570397,-0.13580028722476542,0.33641359333158716
2021-09-30,Balanced (60 index / 20 gold / 20 liquid),"Production (Student-t dof 5, regime switching, parameter and volatility uncertainty)",0.2395,0.03149993756015168,0.11836073692142964,0.134071097371169,-0.08054133653640747,0.34274150133132913
2021-09-30,Balanced (60 index / 20 gold / 20 liquid),Round 9 (volatility uncertainty 0.17),0.24775,0.03149993756015168,0.1179546696394682,0.12776523646938326,-0.07264014184474944,0.33597732782363887
2021-09-30,Balanced (60 index / 20 gold / 20 liquid),Round 5 (no volatility uncertainty),0.25375,0.03149993756015168,0.11756016539037227,0.12591627311231918,-0.07443997859954835,0.33318375945091244
2021-09-30,Balanced (60 index / 20 gold / 20 liquid),Student-t dof 3 (fatter tails),0.226,0.03149993756015168,0.12026437832415104,0.13345881754206046,-0.07931604981422423,0.33406107425689696
2021-09-30,Balanced (60 index / 20 gold / 20 liquid),Block bootstrap of own history (21-day blocks),0.211,0.03149993756015168,0.12293195340801771,0.1262573296629206,-0.10101617808749927,0.3160657901052724
2021-09-30,"8 large stocks, equal weight","Production (Student-t dof 5, regime switching, parameter and volatility uncertainty)",0.299,0.05981275310474299,0.18265067249536515,0.23907240099328783,-0.1543615996837616,0.5868770539760587
2021-09-30,"8 large stocks, equal weight",Round 9 (volatility uncertainty 0.17),0.3045,0.05981275310474299,0.18186404166370632,0.2256785659349003,-0.13967008292675018,0.577796858549118
2021-09-30,"8 large stocks, equal weight",Round 5 (no volatility uncertainty),0.30875,0.05981275310474299,0.18116148049384356,0.22179459996277223,-0.143649423122406,0.5711944937705993
2021-09-30,"8 large stocks, equal weight",Student-t dof 3 (fatter tails),0.286,0.05981275310474299,0.18583031129837035,0.24013208418918905,-0.15523985028266907,0.5717526614665985
2021-09-30,"8 large stocks, equal weight",Block bootstrap of own history (21-day blocks),0.24625,0.05981275310474299,0.192998494912534,0.2118432501002673,-0.16193174186023004,0.5408051440843229
2021-12-31,NIFTY 50 ETF,"Production (Student-t dof 5, regime switching, parameter and volatility uncertainty)",0.31175,0.04941697837938763,0.16038591862469911,0.22508693937014357,-0.16220782995223998,0.5449903309345245
2021-12-31,NIFTY 50 ETF,Round 9 (volatility uncertainty 0.17),0.31725,0.04941697837938763,0.15992433083802463,0.21499209342721742,-0.1503712147474289,0.5368208050727843
2021-12-31,NIFTY 50 ETF,Round 5 (no volatility uncertainty),0.31875,0.04941697837938763,0.1594138637110591,0.21188097729973016,-0.1526171743869781,0.5348546802997587
2021-12-31,NIFTY 50 ETF,Student-t dof 3 (fatter tails),0.29625,0.04941697837938763,0.16401981204003097,0.22918027225567186,-0.1637233555316925,0.5307201921939848
2021-12-31,NIFTY 50 ETF,Block bootstrap of own history (21-day blocks),0.28225,0.04941697837938763,0.16063455710225608,0.20966240954692633,-0.20551959128071315,0.4936339279263624
2021-12-31,Gold,"Production (Student-t dof 5, regime switching, parameter and volatility uncertainty)",0.706,0.1518804075840383,0.08135166445374489,0.1720554597337985,-0.17062722146511078,0.37377823591232223
2021-12-31,Gold,Round 9 (volatility uncertainty 0.17),0.6965,0.1518804075840383,0.08098969411849975,0.16450834559975397,-0.1583284318447113,0.3715576767921447
2021-12-31,Gold,Round 5 (no volatility uncertainty),0.693,0.1518804075840383,0.08058777126669883,0.16219037714782886,-0.15889424383640288,0.36737506389617913
2021-12-31,Gold,Student-t dof 3 (fatter tails),0.707,0.1518804075840383,0.08431431955844164,0.17446388603966273,-0.1670983463525772,0.3625708401203155
2021-12-31,Gold,Block bootstrap of own history (21-day blocks),0.731,0.1518804075840383,0.07550229452141939,0.14006953086073887,-0.12744064590160425,0.32305781153412694
2021-12-31,Balanced (60 index / 20 gold / 20 liquid),"Production (Student-t dof 5, regime switching, parameter and volatility uncertainty)",0.35675,0.07325647216674169,0.12268195249140262,0.13305058187527416,-0.07699193954467773,0.34592825174331665
2021-12-31,Balanced (60 index / 20 gold / 20 liquid),Round 9 (volatility uncertainty 0.17),0.359,0.07325647216674169,0.12240890920162201,0.12756659468176015,-0.0688000738620758,0.34012093544006344
2021-12-31,Balanced (60 index / 20 gold / 20 liquid),Round 5 (no volatility uncertainty),0.356,0.07325647216674169,0.12210023914277554,0.1259365992225219,-0.07089791297912597,0.33831942081451405
2021-12-31,Balanced (60 index / 20 gold / 20 liquid),Student-t dof 3 (fatter tails),0.3395,0.07325647216674169,0.12488161753118038,0.13355640704058108,-0.07563602924346924,0.3389686107635498
2021-12-31,Balanced (60 index / 20 gold / 20 liquid),Block bootstrap of own history (21-day blocks),0.317,0.07325647216674169,0.12065229911938596,0.1231970479748517,-0.09735431159295617,0.3080674913211166
2021-12-31,"8 large stocks, equal weight","Production (Student-t dof 5, regime switching, parameter and volatility uncertainty)",0.38925,0.1069291139935129,0.18284409538656474,0.2367064455267114,-0.15581839084625243,0.587935322523117
2021-12-31,"8 large stocks, equal weight",Round 9 (volatility uncertainty 0.17),0.39325,0.1069291139935129,0.18235854827612638,0.22601628152610512,-0.14294237792491912,0.5788571476936339
2021-12-31,"8 large stocks, equal weight",Round 5 (no volatility uncertainty),0.3935,0.1069291139935129,0.1818225467428565,0.22271424589624042,-0.14523752927780148,0.5772197425365445
2021-12-31,"8 large stocks, equal weight",Student-t dof 3 (fatter tails),0.3715,0.1069291139935129,0.18666149719059466,0.2413418193844184,-0.15676942169666291,0.5728807508945463
2021-12-31,"8 large stocks, equal weight",Block bootstrap of own history (21-day blocks),0.3365,0.1069291139935129,0.18451531725908732,0.2047458859348885,-0.1706317368479195,0.5198096804931158
2022-03-31,NIFTY 50 ETF,"Production (Student-t dof 5, regime switching, parameter and volatility uncertainty)",0.288,0.021549253081166286,0.1459775799140334,0.22748236894393695,-0.18124132752418518,0.5346751749515526
2022-03-31,NIFTY 50 ETF,Round 9 (volatility uncertainty 0.17),0.2915,0.021549253081166286,0.145515511572361,0.21747126292269672,-0.16917003393173216,0.5273174405097953
2022-03-31,NIFTY 50 ETF,Round 5 (no volatility uncertainty),0.29725,0.021549253081166286,0.14499638831615447,0.21448202217682466,-0.17302768528461457,0.5217102766036982
2022-03-31,NIFTY 50 ETF,Student-t dof 3 (fatter tails),0.27275,0.021549253081166286,0.14942669092863797,0.23238887767295838,-0.17568897008895873,0.5199660480022424
2022-03-31,NIFTY 50 ETF,Block bootstrap of own history (21-day blocks),0.2585,0.021549253081166286,0.14759693772723334,0.21420044179277106,-0.22326877384372748,0.4824195758050112
2022-03-31,Gold,"Production (Student-t dof 5, regime switching, parameter and volatility uncertainty)",0.74475,0.1742974303621041,0.08403162728995085,0.1751441220344523,-0.17083704173564912,0.3840363740921015
2022-03-31,Gold,Round 9 (volatility uncertainty 0.17),0.73675,0.1742974303621041,0.08366152884066105,0.16764521484439665,-0.162427419424057,0.37991025447845445
2022-03-31,Gold,Round 5 (no volatility uncertainty),0.733,0.1742974303621041,0.08324714100360871,0.16540674747503367,-0.16237374246120453,0.3752654969692229
2022-03-31,Gold,Student-t dof 3 (fatter tails),0.746,0.1742974303621041,0.08692406944185495,0.17759215946514545,-0.16854111850261688,0.37492733001708944
2022-03-31,Gold,Block bootstrap of own history (21-day blocks),0.76475,0.1742974303621041,0.08231730612644315,0.14309748632162766,-0.1247297799683777,0.33800989078314087
2022-03-31,Balanced (60 index / 20 gold / 20 liquid),"Production (Student-t dof 5, regime switching, parameter and volatility uncertainty)",0.3435,0.060161797960444074,0.11442991943657398,0.13402095813999407,-0.0867594987154007,0.34020250439643857
2022-03-31,Balanced (60 index / 20 gold / 20 liquid),Round 9 (volatility uncertainty 0.17),0.347,0.060161797960444074,0.11414778864383697,0.1285728203202004,-0.07937107384204864,0.3335779786109924
2022-03-31,Balanced (60 index / 20 gold / 20 liquid),Round 5 (no volatility uncertainty),0.344,0.060161797960444074,0.11382882368564606,0.1269906344992629,-0.08305141627788544,0.3320831775665283
2022-03-31,Balanced (60 index / 20 gold / 20 liquid),Student-t dof 3 (fatter tails),0.32525,0.060161797960444074,0.1165110333263874,0.13462055631027636,-0.08391556143760681,0.3329839706420896
2022-03-31,Balanced (60 index / 20 gold / 20 liquid),Block bootstrap of own history (21-day blocks),0.29675,0.060161797960444074,0.11437938767323999,0.1259607169218899,-0.10556737014171395,0.30645976112859397
2022-03-31,"8 large stocks, equal weight","Production (Student-t dof 5, regime switching, parameter and volatility uncertainty)",0.448,0.12228421628246355,0.16940794899314643,0.2406829680722634,-0.17581599056720734,0.5814349114894859
2022-03-31,"8 large stocks, equal weight",Round 9 (volatility uncertainty 0.17),0.4525,0.12228421628246355,0.1689206597954035,0.23000896240625968,-0.16288002431392667,0.5735847830772396
2022-03-31,"8 large stocks, equal weight",Round 5 (no volatility uncertainty),0.4545,0.12228421628246355,0.16837345919013022,0.22681598274128456,-0.16686468124389647,0.5669534385204307
2022-03-31,"8 large stocks, equal weight",Student-t dof 3 (fatter tails),0.43625,0.12228421628246355,0.1730552609115839,0.24634346842451887,-0.16978222727775574,0.5665273189544672
2022-03-31,"8 large stocks, equal weight",Block bootstrap of own history (21-day blocks),0.39775,0.12228421628246355,0.17104518274457808,0.2109125316783267,-0.18453041129581066,0.507720229663397
2022-06-30,NIFTY 50 ETF,"Production (Student-t dof 5, regime switching, parameter and volatility uncertainty)",0.75225,0.2396270026493028,0.11718409518897534,0.23366439723651297,-0.21883360743522645,0.5229804754257198
2022-06-30,NIFTY 50 ETF,Round 9 (volatility uncertainty 0.17),0.7455,0.2396270026493028,0.11648627591878176,0.22268370272060906,-0.20616351068019867,0.511911392211914
2022-06-30,NIFTY 50 ETF,Round 5 (no volatility uncertainty),0.738,0.2396270026493028,0.11576950710266828,0.2191501006743846,-0.20690005123615265,0.5010862708091732
2022-06-30,NIFTY 50 ETF,Student-t dof 3 (fatter tails),0.75675,0.2396270026493028,0.12002154394984245,0.23858395179534647,-0.21086633801460264,0.5017170011997223
2022-06-30,NIFTY 50 ETF,Block bootstrap of own history (21-day blocks),0.7,0.2396270026493028,0.13008356728976517,0.20994665448682506,-0.23247026350497432,0.46555318829228787
2022-06-30,Gold,"Production (Student-t dof 5, regime switching, parameter and volatility uncertainty)",0.66775,0.14305307075732188,0.08647581180930138,0.18060623385424718,-0.17767818868160248,0.397377574443817
2022-06-30,Gold,Round 9 (volatility uncertainty 0.17),0.66075,0.14305307075732188,0.08592261396348476,0.17236071949488363,-0.16738306581974027,0.39117471575736995
2022-06-30,Gold,Round 5 (no volatility uncertainty),0.6605,0.14305307075732188,0.08535290503501893,0.16967198968782546,-0.16540834903717042,0.38347514867782584
2022-06-30,Gold,Student-t dof 3 (fatter tails),0.67625,0.14305307075732188,0.08880041827261448,0.18207947070359207,-0.1719835638999939,0.3825270414352415
2022-06-30,Gold,Block bootstrap of own history (21-day blocks),0.68225,0.14305307075732188,0.08563596722247319,0.14400383900169147,-0.12313644009303316,0.33838678264725913
2022-06-30,Balanced (60 index / 20 gold / 20 liquid),"Production (Student-t dof 5, regime switching, parameter and volatility uncertainty)",0.77175,0.18436327609054826,0.097797129124403,0.13901879290196548,-0.11008287370204924,0.3339915990829466
2022-06-30,Balanced (60 index / 20 gold / 20 liquid),Round 9 (volatility uncertainty 0.17),0.764,0.18436327609054826,0.0973867174834013,0.1330413536578496,-0.10322083532810211,0.3275588333606719
2022-06-30,Balanced (60 index / 20 gold / 20 liquid),Round 5 (no volatility uncertainty),0.76025,0.18436327609054826,0.09695951806008815,0.13115568156939045,-0.10457604229450225,0.32313131690025304
2022-06-30,Balanced (60 index / 20 gold / 20 liquid),Student-t dof 3 (fatter tails),0.7805,0.18436327609054826,0.09952520801126957,0.1394388660990171,-0.10608543753623961,0.3228600084781646
2022-06-30,Balanced (60 index / 20 gold / 20 liquid),Block bootstrap of own history (21-day blocks),0.74475,0.18436327609054826,0.10512395946975146,0.1252322930801212,-0.11341369765143218,0.30005712506675286
2022-06-30,"8 large stocks, equal weight","Production (Student-t dof 5, regime switching, parameter and volatility uncertainty)",0.74075,0.2625961433790569,0.14209094765037297,0.24780264568855048,-0.21282263100147245,0.5733584165573117
2022-06-30,"8 large stocks, equal weight",Round 9 (volatility uncertainty 0.17),0.733,0.2625961433790569,0.1413502379730344,0.23605253777820193,-0.19972015023231507,0.5614433586597443
2022-06-30,"8 large stocks, equal weight",Round 5 (no volatility uncertainty),0.72225,0.2625961433790569,0.1405901117026806,0.23226692975703536,-0.19975862503051758,0.5502186596393581
2022-06-30,"8 large stocks, equal weight",Student-t dof 3 (fatter tails),0.7475,0.2625961433790569,0.14510263185948133,0.2535218884466807,-0.20389553606510158,0.5505052745342253
2022-06-30,"8 large stocks, equal weight",Block bootstrap of own history (21-day blocks),0.71925,0.2625961433790569,0.1516835849501868,0.20555330301312907,-0.1985114894500918,0.492857695681343
2022-09-30,NIFTY 50 ETF,"Production (Student-t dof 5, regime switching, parameter and volatility uncertainty)",0.6165,0.15334792921745155,0.11096992672979832,0.2301914895824218,-0.21933074593544005,0.4999583661556241
2022-09-30,NIFTY 50 ETF,Round 9 (volatility uncertainty 0.17),0.615,0.15334792921745155,0.11060678233206273,0.21910487860906952,-0.21316963136196135,0.4928786516189574
2022-09-30,NIFTY 50 ETF,Round 5 (no volatility uncertainty),0.6115,0.15334792921745155,0.11028589847683906,0.2158940801477844,-0.21372277438640594,0.48808305859565687
2022-09-30,NIFTY 50 ETF,Student-t dof 3 (fatter tails),0.62475,0.15334792921745155,0.113123700812459,0.2316113962499075,-0.21284054815769196,0.4851003527641295
2022-09-30,NIFTY 50 ETF,Block bootstrap of own history (21-day blocks),0.52475,0.15334792921745155,0.1360676097733825,0.21916796095021301,-0.23715055527052814,0.4945257494616452
2022-09-30,Gold,"Production (Student-t dof 5, regime switching, parameter and volatility uncertainty)",0.6555,0.13253014923367967,0.08116184653341771,0.17494507446409732,-0.17830202281475066,0.37540886402130114
2022-09-30,Gold,Round 9 (volatility uncertainty 0.17),0.6485,0.13253014923367967,0.08089971463382244,0.1669490403129523,-0.17452532052993774,0.3703292846679687
2022-09-30,Gold,Round 5 (no volatility uncertainty),0.649,0.13253014923367967,0.0806489696353674,0.1646178437872524,-0.16978232860565184,0.36500545740127566
2022-09-30,Gold,Student-t dof 3 (fatter tails),0.662,0.13253014923367967,0.08300850543379784,0.17440500780790127,-0.17130003571510313,0.36581941843032817
2022-09-30,Gold,Block bootstrap of own history (21-day blocks),0.69225,0.13253014923367967,0.07500524870224926,0.14073863932125308,-0.12978158320495384,0.3198520656459425
2022-09-30,Balanced (60 index / 20 gold / 20 liquid),"Production (Student-t dof 5, regime switching, parameter and volatility uncertainty)",0.638,0.13238374464684965,0.09544575175642968,0.1385559627526554,-0.1137132555246353,0.32308779954910233
2022-09-30,Balanced (60 index / 20 gold / 20 liquid),Round 9 (volatility uncertainty 0.17),0.63225,0.13238374464684965,0.09525515913963317,0.13274991605911485,-0.10857513546943663,0.31861672401428215
2022-09-30,Balanced (60 index / 20 gold / 20 liquid),Round 5 (no volatility uncertainty),0.634,0.13238374464684965,0.09506154704093933,0.13118296584671996,-0.10794662535190581,0.31767449975013723
2022-09-30,Balanced (60 index / 20 gold / 20 liquid),Student-t dof 3 (fatter tails),0.6485,0.13238374464684965,0.09681352630257606,0.13861121840808036,-0.1085002303123474,0.3223927021026611
2022-09-30,Balanced (60 index / 20 gold / 20 liquid),Block bootstrap of own history (21-day blocks),0.56675,0.13238374464684965,0.10624078501006738,0.1303423549675708,-0.12243615630843296,0.31280883013069344
2022-09-30,"8 large stocks, equal weight","Production (Student-t dof 5, regime switching, parameter and volatility uncertainty)",0.62975,0.18949837019531923,0.1371187208890915,0.24430324944663417,-0.21138308644294737,0.5496277809143064
2022-09-30,"8 large stocks, equal weight",Round 9 (volatility uncertainty 0.17),0.62775,0.18949837019531923,0.13672749101370574,0.2323747471689794,-0.20481568574905396,0.5432659566402432
2022-09-30,"8 large stocks, equal weight",Round 5 (no volatility uncertainty),0.62575,0.18949837019531923,0.1363859338015318,0.228897838678582,-0.20607824623584747,0.5383516490459442
2022-09-30,"8 large stocks, equal weight",Student-t dof 3 (fatter tails),0.64,0.18949837019531923,0.1393916622698307,0.2459523690690969,-0.20476128756999967,0.5340076446533202
2022-09-30,"8 large stocks, equal weight",Block bootstrap of own history (21-day blocks),0.5545,0.18949837019531923,0.16026681337755475,0.21309706760460012,-0.20326620322249578,0.5122062771823589
2022-12-30,NIFTY 50 ETF,"Production (Student-t dof 5, regime switching, parameter and volatility uncertainty)",0.69825,0.20066656655429482,0.11204189267754555,0.23067198336939415,-0.22203885316848754,0.4985679149627681
2022-12-30,NIFTY 50 ETF,Round 9 (volatility uncertainty 0.17),0.6905,0.20066656655429482,0.11190452951192856,0.22142588707414207,-0.21353769600391387,0.4845565676689143
2022-12-30,NIFTY 50 ETF,Round 5 (no volatility uncertainty),0.68925,0.20066656655429482,0.11178329008817672,0.22007364301245833,-0.21263748407363892,0.4968388259410857
2022-12-30,NIFTY 50 ETF,Student-t dof 3 (fatter tails),0.7075,0.20066656655429482,0.11409526257961988,0.23196326793058297,-0.21512388288974763,0.48744723200798007
2022-12-30,NIFTY 50 ETF,Block bootstrap of own history (21-day blocks),0.627,0.20066656655429482,0.13249225033796483,0.21941659902631988,-0.2357177688606713,0.501147948456657
2022-12-30,Gold,"Production (Student-t dof 5, regime switching, parameter and volatility uncertainty)",0.63625,0.13314809618157075,0.08959424311667681,0.17685978711897166,-0.17341840267181396,0.3899108052253723
2022-12-30,Gold,Round 9 (volatility uncertainty 0.17),0.62925,0.13314809618157075,0.08945132651925088,0.16955499962086742,-0.16981412768363952,0.3805346012115478
2022-12-30,Gold,Round 5 (no volatility uncertainty),0.63225,0.13314809618157075,0.0893039948195219,0.16794166265424007,-0.16608130037784577,0.38051573038101166
2022-12-30,Gold,Student-t dof 3 (fatter tails),0.6425,0.13314809618157075,0.0913835583627224,0.17637461923567715,-0.16486505568027496,0.37742142081260666
2022-12-30,Gold,Block bootstrap of own history (21-day blocks),0.684,0.13314809618157075,0.0810977073845758,0.1407438343578495,-0.12438220790960633,0.32882794001945653
2022-12-30,Balanced (60 index / 20 gold / 20 liquid),"Production (Student-t dof 5, regime switching, parameter and volatility uncertainty)",0.71325,0.16046775526005375,0.09769143055379391,0.13954239335820692,-0.11341185569763183,0.3265184581279748
2022-12-30,Balanced (60 index / 20 gold / 20 liquid),Round 9 (volatility uncertainty 0.17),0.70675,0.16046775526005375,0.09759947606921196,0.1345634342930693,-0.10777460038661957,0.32037680745124814
2022-12-30,Balanced (60 index / 20 gold / 20 liquid),Round 5 (no volatility uncertainty),0.70375,0.16046775526005375,0.09749239075183869,0.1337949358521486,-0.10817050635814666,0.3235453307628631
2022-12-30,Balanced (60 index / 20 gold / 20 liquid),Student-t dof 3 (fatter tails),0.72425,0.16046775526005375,0.09895788468420505,0.13960351458565215,-0.1089064359664917,0.32367035746574385
2022-12-30,Balanced (60 index / 20 gold / 20 liquid),Block bootstrap of own history (21-day blocks),0.669,0.16046775526005375,0.1053133908389698,0.12963193766498424,-0.1176581880842828,0.3147414791736269
2022-12-30,"8 large stocks, equal weight","Production (Student-t dof 5, regime switching, parameter and volatility uncertainty)",0.64975,0.19949104103778637,0.13493539848178626,0.2445611726583132,-0.21700560152530668,0.5447130024433132
2022-12-30,"8 large stocks, equal weight",Round 9 (volatility uncertainty 0.17),0.64275,0.19949104103778637,0.13478945105522872,0.23463003724001558,-0.20966780483722686,0.5302557945251458
2022-12-30,"8 large stocks, equal weight",Round 5 (no volatility uncertainty),0.6465,0.19949104103778637,0.13466541874408722,0.23318256281095412,-0.20755867958068847,0.5422740459442131
2022-12-30,"8 large stocks, equal weight",Student-t dof 3 (fatter tails),0.66075,0.19949104103778637,0.13710385362803937,0.2460642003819946,-0.20963824391365052,0.5331981062889098
2022-12-30,"8 large stocks, equal weight",Block bootstrap of own history (21-day blocks),0.60025,0.19949104103778637,0.15136710267171574,0.211820171488684,-0.20097490324268896,0.5049705990825251
2023-03-31,NIFTY 50 ETF,"Production (Student-t dof 5, regime switching, parameter and volatility uncertainty)",0.831,0.3144422034990091,0.1274469000697136,0.23043288914932042,-0.2017911672592163,0.5247403919696804
2023-03-31,NIFTY 50 ETF,Round 9 (volatility uncertainty 0.17),0.8205,0.3144422034990091,0.1269593323469162,0.22017002190105617,-0.18981126844882965,0.5224498808383939
2023-03-31,NIFTY 50 ETF,Round 5 (no volatility uncertainty),0.82275,0.3144422034990091,0.12642008463293314,0.21711497392806098,-0.18846322000026702,0.5139724016189574
2023-03-31,NIFTY 50 ETF,Student-t dof 3 (fatter tails),0.83825,0.3144422034990091,0.13090521324425936,0.23638761214159318,-0.19832421243190765,0.5032262384891505
2023-03-31,NIFTY 50 ETF,Block bootstrap of own history (21-day blocks),0.81575,0.3144422034990091,0.12403723218172251,0.21823171669818892,-0.2335518232304266,0.4725622466541691
2023-03-31,Gold,"Production (Student-t dof 5, regime switching, parameter and volatility uncertainty)",0.7875,0.21225768978585835,0.09452885746955872,0.18019402312780877,-0.16759179532527924,0.40484291315078713
2023-03-31,Gold,Round 9 (volatility uncertainty 0.17),0.78125,0.21225768978585835,0.09413560393452644,0.17239669779855873,-0.16128481328487396,0.4020315706729889
2023-03-31,Gold,Round 5 (no volatility uncertainty),0.77775,0.21225768978585835,0.09369961246848106,0.17005898075480724,-0.1583264321088791,0.3946780741214752
2023-03-31,Gold,Student-t dof 3 (fatter tails),0.7955,0.21225768978585835,0.0973159168511629,0.1828710657060037,-0.16504060328006742,0.3927238941192624
2023-03-31,Gold,Block bootstrap of own history (21-day blocks),0.83725,0.21225768978585835,0.08178600595084977,0.14209506691395668,-0.12519578748856314,0.34371852099217093
2023-03-31,Balanced (60 index / 20 gold / 20 liquid),"Production (Student-t dof 5, regime switching, parameter and volatility uncertainty)",0.86725,0.24167621947278284,0.10541352115571499,0.13785782040330397,-0.10101829469203948,0.33949172496795643
2023-03-31,Balanced (60 index / 20 gold / 20 liquid),Round 9 (volatility uncertainty 0.17),0.85975,0.24167621947278284,0.10511479057371616,0.1321706629804656,-0.09430851638317107,0.3360648989677428
2023-03-31,Balanced (60 index / 20 gold / 20 liquid),Round 5 (no volatility uncertainty),0.859,0.24167621947278284,0.10477906529605388,0.1305009267325015,-0.09294406473636627,0.3317263364791869
2023-03-31,Balanced (60 index / 20 gold / 20 liquid),Student-t dof 3 (fatter tails),0.87475,0.24167621947278284,0.10750727301836013,0.13881277443668247,-0.09832643866539001,0.3274021208286284
2023-03-31,Balanced (60 index / 20 gold / 20 liquid),Block bootstrap of own history (21-day blocks),0.87625,0.24167621947278284,0.1003739928749599,0.12878787471002948,-0.12021856962706613,0.30241391024267994
2023-03-31,"8 large stocks, equal weight","Production (Student-t dof 5, regime switching, parameter and volatility uncertainty)",0.62725,0.20416085746799517,0.15304893404990436,0.2449585871318938,-0.1952057421207428,0.5765303015708919
2023-03-31,"8 large stocks, equal weight",Round 9 (volatility uncertainty 0.17),0.62625,0.20416085746799517,0.1525318446457386,0.23395985991921545,-0.18227577209472653,0.5732835948467252
2023-03-31,"8 large stocks, equal weight",Round 5 (no volatility uncertainty),0.6235,0.20416085746799517,0.15196080888807773,0.23068388072399065,-0.18089412748813627,0.565024822950363
2023-03-31,"8 large stocks, equal weight",Student-t dof 3 (fatter tails),0.6345,0.20416085746799517,0.15672985125333072,0.251859891608059,-0.19126741886138915,0.5534439504146573
2023-03-31,"8 large stocks, equal weight",Block bootstrap of own history (21-day blocks),0.62425,0.20416085746799517,0.1427559150157241,0.20677943857565337,-0.19281112391153704,0.4894292539246608
2023-06-30,NIFTY 50 ETF,"Production (Student-t dof 5, regime switching, parameter and volatility uncertainty)",0.7885,0.2855514895558702,0.13632932319492103,0.23075823938845363,-0.19854024946689605,0.5324386298656464
2023-06-30,NIFTY 50 ETF,Round 9 (volatility uncertainty 0.17),0.7825,0.2855514895558702,0.1359089787006378,0.2204262421827388,-0.18076325953006744,0.5242321848869324
2023-06-30,NIFTY 50 ETF,Round 5 (no volatility uncertainty),0.77525,0.2855514895558702,0.13544245472550392,0.21725996030391923,-0.1807281881570816,0.519988089799881
2023-06-30,NIFTY 50 ETF,Student-t dof 3 (fatter tails),0.79375,0.2855514895558702,0.1400288217291236,0.23565836823980665,-0.18986337780952453,0.5123319387435913
2023-06-30,NIFTY 50 ETF,Block bootstrap of own history (21-day blocks),0.76775,0.2855514895558702,0.13022210989347383,0.21917782531466065,-0.24481420347697236,0.4937700167092346
2023-06-30,Gold,"Production (Student-t dof 5, regime switching, parameter and volatility uncertainty)",0.84275,0.25086186549135014,0.09208372893184423,0.17960542131250173,-0.17214880287647247,0.40000540018081654
2023-06-30,Gold,Round 9 (volatility uncertainty 0.17),0.83675,0.25086186549135014,0.09174410971999168,0.17172684715244058,-0.16079525649547577,0.39341879487037656
2023-06-30,Gold,Round 5 (no volatility uncertainty),0.8365,0.25086186549135014,0.09136783455312252,0.16926767631107498,-0.15993629097938536,0.39021782279014544
2023-06-30,Gold,Student-t dof 3 (fatter tails),0.85175,0.25086186549135014,0.09502806277573109,0.18175811677033588,-0.16712115705013275,0.38734222054481493
2023-06-30,Gold,Block bootstrap of own history (21-day blocks),0.84575,0.25086186549135014,0.10253686958411783,0.14976846346336223,-0.11301630393613904,0.36371955944017753
2023-06-30,Balanced (60 index / 20 gold / 20 liquid),"Production (Student-t dof 5, regime switching, parameter and volatility uncertainty)",0.84225,0.2335037526075756,0.11039630894362927,0.13779032324837298,-0.09739396274089812,0.34051180481910687
2023-06-30,Balanced (60 index / 20 gold / 20 liquid),Round 9 (volatility uncertainty 0.17),0.837,0.2335037526075756,0.11014210967719555,0.13205706921635738,-0.08783961832523345,0.3366088449954981
2023-06-30,Balanced (60 index / 20 gold / 20 liquid),Round 5 (no volatility uncertainty),0.8375,0.2335037526075756,0.10985616219043731,0.1303169701489078,-0.08885892629623413,0.33496688008308406
2023-06-30,Balanced (60 index / 20 gold / 20 liquid),Student-t dof 3 (fatter tails),0.85525,0.2335037526075756,0.11264932137727737,0.13832179567003466,-0.09369796812534333,0.33241497874259934
2023-06-30,Balanced (60 index / 20 gold / 20 liquid),Block bootstrap of own history (21-day blocks),0.84225,0.2335037526075756,0.10824890056361657,0.13068377111737017,-0.12133491321894682,0.31181190931302855
2023-06-30,"8 large stocks, equal weight","Production (Student-t dof 5, regime switching, parameter and volatility uncertainty)",0.643,0.21399850211876958,0.15389440681040287,0.24399272887061518,-0.19891045689582826,0.5733022868633268
2023-06-30,"8 large stocks, equal weight",Round 9 (volatility uncertainty 0.17),0.639,0.21399850211876958,0.15345053990185262,0.23297747286249412,-0.17973267138004304,0.5649164676666258
2023-06-30,"8 large stocks, equal weight",Round 5 (no volatility uncertainty),0.636,0.21399850211876958,0.15295854817330837,0.22960099750984694,-0.1796883314847946,0.560215002298355
2023-06-30,"8 large stocks, equal weight",Student-t dof 3 (fatter tails),0.651,0.21399850211876958,0.15780530536174775,0.24971861186113345,-0.18938008844852447,0.5509607434272763
2023-06-30,"8 large stocks, equal weight",Block bootstrap of own history (21-day blocks),0.6515,0.21399850211876958,0.14169752303295577,0.20631028572764729,-0.20726958412802368,0.4726591906386813
2023-09-29,NIFTY 50 ETF,"Production (Student-t dof 5, regime switching, parameter and volatility uncertainty)",0.8165,0.28590542662377394,0.11742279914021492,0.22873702533936172,-0.21323389410972593,0.4988460898399352
2023-09-29,NIFTY 50 ETF,Round 9 (volatility uncertainty 0.17),0.80825,0.28590542662377394,0.11726816046983003,0.2181474272957869,-0.20825690925121307,0.49167514443397475
2023-09-29,NIFTY 50 ETF,Round 5 (no volatility uncertainty),0.8015,0.28590542662377394,0.11711385351419448,0.21532668389826765,-0.20352884232997895,0.4960430383682248
2023-09-29,NIFTY 50 ETF,Student-t dof 3 (fatter tails),0.81825,0.28590542662377394,0.11924587995558977,0.23103980117988002,-0.20673364400863647,0.49369579553604115
2023-09-29,NIFTY 50 ETF,Block bootstrap of own history (21-day blocks),0.74375,0.28590542662377394,0.15101872712431974,0.21467318031090873,-0.21458110875029923,0.5016539425110599
2023-09-29,Gold,"Production (Student-t dof 5, regime switching, parameter and volatility uncertainty)",0.88475,0.2891052898217925,0.09191509798914194,0.18020501926132937,-0.1726957768201828,0.3963852643966674
2023-09-29,Gold,Round 9 (volatility uncertainty 0.17),0.87625,0.2891052898217925,0.09178187349438667,0.17210938184470095,-0.17002750039100645,0.38895553946495054
2023-09-29,Gold,Round 5 (no volatility uncertainty),0.8775,0.2891052898217925,0.09163469952344895,0.1698457628374021,-0.16653829216957092,0.38751385807991
2023-09-29,Gold,Student-t dof 3 (fatter tails),0.8915,0.2891052898217925,0.09319748522341251,0.17943911925004988,-0.16628181636333464,0.383823239803314
2023-09-29,Gold,Block bootstrap of own history (21-day blocks),0.911,0.2891052898217925,0.09073068788403599,0.1448083095894774,-0.11878014707317687,0.3473774430840209
2023-09-29,Balanced (60 index / 20 gold / 20 liquid),"Production (Student-t dof 5, regime switching, parameter and volatility uncertainty)",0.87,0.24171735085057588,0.10082016734778881,0.13823774962398794,-0.1078016847372055,0.3273854017257689
2023-09-29,Balanced (60 index / 20 gold / 20 liquid),Round 9 (volatility uncertainty 0.17),0.863,0.24171735085057588,0.10074325683712959,0.1326950319078087,-0.10315335392951964,0.32442463040351854
2023-09-29,Balanced (60 index / 20 gold / 20 liquid),Round 5 (no volatility uncertainty),0.867,0.24171735085057588,0.10063963708281518,0.1313387248902788,-0.1024567037820816,0.32557670474052425
2023-09-29,Balanced (60 index / 20 gold / 20 liquid),Student-t dof 3 (fatter tails),0.8765,0.24171735085057588,0.10203262689709663,0.13938958822772135,-0.10319293439388275,0.32691807746887186
2023-09-29,Balanced (60 index / 20 gold / 20 liquid),Block bootstrap of own history (21-day blocks),0.848,0.24171735085057588,0.11841716282857687,0.12718407915718333,-0.10347421510831518,0.3237771425465014
2023-09-29,"8 large stocks, equal weight","Production (Student-t dof 5, regime switching, parameter and volatility uncertainty)",0.69125,0.21546165483993374,0.12679708582162857,0.2405912853017671,-0.21928685009479523,0.5282284259796142
2023-09-29,"8 large stocks, equal weight",Round 9 (volatility uncertainty 0.17),0.6855,0.21546165483993374,0.12662894463539123,0.2292688258713916,-0.21426059007644654,0.5205806076526641
2023-09-29,"8 large stocks, equal weight",Round 5 (no volatility uncertainty),0.68375,0.21546165483993374,0.1264671258032322,0.22622954109713767,-0.20877219438552855,0.5250454366207117
2023-09-29,"8 large stocks, equal weight",Student-t dof 3 (fatter tails),0.70725,0.21546165483993374,0.12869085194915533,0.24310233546974827,-0.2123421996831894,0.5238850116729735
2023-09-29,"8 large stocks, equal weight",Block bootstrap of own history (21-day blocks),0.61425,0.21546165483993374,0.15952792358513526,0.20340373045095075,-0.19416771627823837,0.4914636583026534
2023-12-29,NIFTY 50 ETF,"Production (Student-t dof 5, regime switching, parameter and volatility uncertainty)",0.44575,0.10544552545311325,0.15112731916457414,0.22982886699077387,-0.18148564398288725,0.533761698007583
2023-12-29,NIFTY 50 ETF,Round 9 (volatility uncertainty 0.17),0.44825,0.10544552545311325,0.15074749825149775,0.21936337468857198,-0.16901659369468688,0.5297055542469024
2023-12-29,NIFTY 50 ETF,Round 5 (no volatility uncertainty),0.4515,0.10544552545311325,0.15031390159577132,0.2161846077996008,-0.1666909009218216,0.5314729332923888
2023-12-29,NIFTY 50 ETF,Student-t dof 3 (fatter tails),0.4385,0.10544552545311325,0.15607392139732837,0.23598114503018816,-0.1753522366285324,0.5389004409313201
2023-12-29,NIFTY 50 ETF,Block bootstrap of own history (21-day blocks),0.401,0.10544552545311325,0.1534010766753634,0.2216595890640614,-0.22711423206992795,0.5101751613115741
2023-12-29,Gold,"Production (Student-t dof 5, regime switching, parameter and volatility uncertainty)",0.78675,0.21356695735664744,0.09661108496785163,0.17935478272477232,-0.16876410841941833,0.39798346161842335
2023-12-29,Gold,Round 9 (volatility uncertainty 0.17),0.77775,0.21356695735664744,0.09630829937756062,0.17139737261766672,-0.1587073802947998,0.3887974560260771
2023-12-29,Gold,Round 5 (no volatility uncertainty),0.7715,0.21356695735664744,0.09595944528281689,0.16898421271113545,-0.15606595873832702,0.3895948827266689
2023-12-29,Gold,Student-t dof 3 (fatter tails),0.79375,0.21356695735664744,0.10059379048645496,0.18257366643458506,-0.1612614631652832,0.396361494064331
2023-12-29,Gold,Block bootstrap of own history (21-day blocks),0.816,0.21356695735664744,0.09050109001140492,0.14476389864701505,-0.11954479024626209,0.3492404956631767
2023-12-29,Balanced (60 index / 20 gold / 20 liquid),"Production (Student-t dof 5, regime switching, parameter and volatility uncertainty)",0.5275,0.12068569724008538,0.12042529834806918,0.13748859688704004,-0.08777695298194885,0.3456903755664825
2023-12-29,Balanced (60 index / 20 gold / 20 liquid),Round 9 (volatility uncertainty 0.17),0.5265,0.12068569724008538,0.12019922156631947,0.13171954493388632,-0.07928157150745391,0.3424632966518398
2023-12-29,Balanced (60 index / 20 gold / 20 liquid),Round 5 (no volatility uncertainty),0.52525,0.12068569724008538,0.11993087130784988,0.13000838007553353,-0.07879160046577452,0.343081259727478
2023-12-29,Balanced (60 index / 20 gold / 20 liquid),Student-t dof 3 (fatter tails),0.5165,0.12068569724008538,0.12337681053578854,0.13870523893451803,-0.08323496282100677,0.3477469861507415
2023-12-29,Balanced (60 index / 20 gold / 20 liquid),Block bootstrap of own history (21-day blocks),0.4775,0.12068569724008538,0.11927426268276425,0.13098915296890248,-0.1106074340222406,0.3249100047798832
2023-12-29,"8 large stocks, equal weight","Production (Student-t dof 5, regime switching, parameter and volatility uncertainty)",0.40975,0.09288005224709406,0.16013712191581725,0.24204786221556118,-0.1880726486444473,0.5645752668380729
2023-12-29,"8 large stocks, equal weight",Round 9 (volatility uncertainty 0.17),0.41675,0.09288005224709406,0.15973674423992634,0.23091988179825948,-0.17523657977581023,0.5599970817565918
2023-12-29,"8 large stocks, equal weight",Round 5 (no volatility uncertainty),0.4165,0.09288005224709406,0.15928174494951963,0.22753351972880964,-0.17257185876369474,0.5616832494735717
2023-12-29,"8 large stocks, equal weight",Student-t dof 3 (fatter tails),0.39825,0.09288005224709406,0.16535353646427392,0.24913306205096067,-0.18155008256435393,0.5687927246093749
2023-12-29,"8 large stocks, equal weight",Block bootstrap of own history (21-day blocks),0.37125,0.09288005224709406,0.1553513138898561,0.20722986663611667,-0.194188073083991,0.49118029956755893
2024-03-28,NIFTY 50 ETF,"Production (Student-t dof 5, regime switching, parameter and volatility uncertainty)",0.32775,0.0413022216996457,0.14426836571842433,0.2288542942605213,-0.18502445816993712,0.523599594831466
2024-03-28,NIFTY 50 ETF,Round 9 (volatility uncertainty 0.17),0.33325,0.0413022216996457,0.14407075133919717,0.21926602983218693,-0.17306585311889647,0.5182005167007445
2024-03-28,NIFTY 50 ETF,Round 5 (no volatility uncertainty),0.3335,0.0413022216996457,0.14375554923713207,0.21611709699048504,-0.16830362677574157,0.5224521279335022
2024-03-28,NIFTY 50 ETF,Student-t dof 3 (fatter tails),0.30925,0.0413022216996457,0.1484299965426326,0.23538345491473125,-0.17773254811763764,0.5198307394981381
2024-03-28,NIFTY 50 ETF,Block bootstrap of own history (21-day blocks),0.295,0.0413022216996457,0.15372787328867044,0.21704048359214845,-0.21785713827473194,0.506956622599304
2024-03-28,Gold,"Production (Student-t dof 5, regime switching, parameter and volatility uncertainty)",0.9095,0.32467756677708004,0.10068874309957028,0.17931158691185148,-0.16413769721984864,0.39936604499816886
2024-03-28,Gold,Round 9 (volatility uncertainty 0.17),0.90975,0.32467756677708004,0.1005131880864501,0.17202605680091904,-0.1582670271396637,0.39202439785003657
2024-03-28,Gold,Round 5 (no volatility uncertainty),0.908,0.32467756677708004,0.10025540646910668,0.16972662082700235,-0.15142100751399992,0.39010348916053755
2024-03-28,Gold,Student-t dof 3 (fatter tails),0.911,0.32467756677708004,0.10395096419751644,0.18226181865115113,-0.15462283790111542,0.3915763556957244
2024-03-28,Gold,Block bootstrap of own history (21-day blocks),0.938,0.32467756677708004,0.09618287837574682,0.14187422180568743,-0.11175337480154884,0.3436980032369241
2024-03-28,Balanced (60 index / 20 gold / 20 liquid),"Production (Student-t dof 5, regime switching, parameter and volatility uncertainty)",0.4675,0.10055013538059221,0.11724822917580605,0.13751748254198434,-0.09007592797279357,0.34521997570991503
2024-03-28,Balanced (60 index / 20 gold / 20 liquid),Round 9 (volatility uncertainty 0.17),0.46725,0.10055013538059221,0.11709951005876064,0.13214483436647062,-0.08253622055053711,0.33991339802742
2024-03-28,Balanced (60 index / 20 gold / 20 liquid),Round 5 (no volatility uncertainty),0.47175,0.10055013538059221,0.11689265184104443,0.1304720413609643,-0.08048774600028992,0.3385086417198177
2024-03-28,Balanced (60 index / 20 gold / 20 liquid),Student-t dof 3 (fatter tails),0.45575,0.10055013538059221,0.11968014545738698,0.13883268722623254,-0.08486697673797607,0.3410757780075073
2024-03-28,Balanced (60 index / 20 gold / 20 liquid),Block bootstrap of own history (21-day blocks),0.4135,0.10055013538059221,0.12105866134406605,0.12983508597454005,-0.11125943126963954,0.3233769674767924
2024-03-28,"8 large stocks, equal weight","Production (Student-t dof 5, regime switching, parameter and volatility uncertainty)",0.2895,0.018102428659468206,0.1491679374575615,0.24036822118007511,-0.19501389861106871,0.5478069067001335
2024-03-28,"8 large stocks, equal weight",Round 9 (volatility uncertainty 0.17),0.29575,0.018102428659468206,0.14896664036810398,0.2302071678030029,-0.18197253346443176,0.542399978637695
2024-03-28,"8 large stocks, equal weight",Round 5 (no volatility uncertainty),0.29675,0.018102428659468206,0.14863890240341424,0.22684901059575685,-0.17712265849113462,0.5475447297096252
2024-03-28,"8 large stocks, equal weight",Student-t dof 3 (fatter tails),0.2705,0.018102428659468206,0.15356206595152616,0.2478882650896075,-0.18695698976516723,0.5448990523815154
2024-03-28,"8 large stocks, equal weight",Block bootstrap of own history (21-day blocks),0.22775,0.018102428659468206,0.15860511616762124,0.2065648591496531,-0.19743145211225985,0.4976931745876908
2024-06-28,NIFTY 50 ETF,"Production (Student-t dof 5, regime switching, parameter and volatility uncertainty)",0.41225,0.06695828819531746,0.13419874922931194,0.24325500050635954,-0.2120712846517563,0.5455081999301908
2024-06-28,NIFTY 50 ETF,Round 9 (volatility uncertainty 0.17),0.41675,0.06695828819531746,0.13384674334526062,0.23261330965617932,-0.20626195669174194,0.540010929107666
2024-06-28,NIFTY 50 ETF,Round 5 (no volatility uncertainty),0.41825,0.06695828819531746,0.13350708857923746,0.2302363607262324,-0.2024156481027603,0.538370335102081
2024-06-28,NIFTY 50 ETF,Student-t dof 3 (fatter tails),0.40825,0.06695828819531746,0.13329791215062142,0.24847302541995864,-0.20515355765819548,0.5289471030235288
2024-06-28,NIFTY 50 ETF,Block bootstrap of own history (21-day blocks),0.32325,0.06695828819531746,0.16012893910135564,0.2211019238624635,-0.21289546063123396,0.5144852915289692
2024-06-28,Gold,"Production (Student-t dof 5, regime switching, parameter and volatility uncertainty)",0.9065,0.33613723749104296,0.10470788462460041,0.19410638276024814,-0.18370181620121,0.4325298607349396
2024-06-28,Gold,Round 9 (volatility uncertainty 0.17),0.9005,0.33613723749104296,0.10440272805094719,0.18558731693990116,-0.1773441731929779,0.4306497991085052
2024-06-28,Gold,Round 5 (no volatility uncertainty),0.898,0.33613723749104296,0.10409642799198628,0.18348645422034593,-0.17416713833808897,0.42709496617317194
2024-06-28,Gold,Student-t dof 3 (fatter tails),0.9085,0.33613723749104296,0.10406774175912142,0.194825486362656,-0.1746605157852173,0.4207950830459594
2024-06-28,Gold,Block bootstrap of own history (21-day blocks),0.91875,0.33613723749104296,0.10355007839629793,0.15542488904351864,-0.11450775954483504,0.38720550118107105
2024-06-28,Balanced (60 index / 20 gold / 20 liquid),"Production (Student-t dof 5, regime switching, parameter and volatility uncertainty)",0.546,0.11918053095468961,0.11339039726555347,0.14839832492857358,-0.10790267884731293,0.3587990522384643
2024-06-28,Balanced (60 index / 20 gold / 20 liquid),Round 9 (volatility uncertainty 0.17),0.54375,0.11918053095468961,0.11318307311832905,0.14274665012725826,-0.10286907255649565,0.3561847150325772
2024-06-28,Balanced (60 index / 20 gold / 20 liquid),Round 5 (no volatility uncertainty),0.54625,0.11918053095468961,0.11295583839714528,0.14154074476538042,-0.10142340958118438,0.35350527167320245
2024-06-28,Balanced (60 index / 20 gold / 20 liquid),Student-t dof 3 (fatter tails),0.557,0.11918053095468961,0.11287406225502492,0.15038623535937476,-0.10271985530853271,0.3548744678497314
2024-06-28,Balanced (60 index / 20 gold / 20 liquid),Block bootstrap of own history (21-day blocks),0.4645,0.11918053095468961,0.12594223554005424,0.13219842607371737,-0.09794062996041378,0.3333968755132015
2024-06-28,"8 large stocks, equal weight","Production (Student-t dof 5, regime switching, parameter and volatility uncertainty)",0.38875,0.05247232421859649,0.13444455286860466,0.2555359499642262,-0.226546111702919,0.5647553265094754
2024-06-28,"8 large stocks, equal weight",Round 9 (volatility uncertainty 0.17),0.396,0.05247232421859649,0.13407179779559375,0.244155612138292,-0.22014788091182708,0.561953169107437
2024-06-28,"8 large stocks, equal weight",Round 5 (no volatility uncertainty),0.397,0.05247232421859649,0.13371873011440039,0.24160375087033545,-0.21621737480163575,0.5600609242916103
2024-06-28,"8 large stocks, equal weight",Student-t dof 3 (fatter tails),0.3895,0.05247232421859649,0.13348567792028188,0.2613891951053479,-0.21963752210140228,0.5493858873844146
2024-06-28,"8 large stocks, equal weight",Block bootstrap of own history (21-day blocks),0.30075,0.05247232421859649,0.15622587925415715,0.20799474655590483,-0.18556192756043655,0.5004461953435452
2024-09-30,NIFTY 50 ETF,"Production (Student-t dof 5, regime switching, parameter and volatility uncertainty)",0.19,-0.01841319602151903,0.16108189675211906,0.22767217743939996,-0.16148180067539214,0.5295855462551115
2024-09-30,NIFTY 50 ETF,Round 9 (volatility uncertainty 0.17),0.19475,-0.01841319602151903,0.16108548386394977,0.21788032611263433,-0.14800006151199338,0.5303970396518707
2024-09-30,NIFTY 50 ETF,Round 5 (no volatility uncertainty),0.196,-0.01841319602151903,0.16086325702816248,0.2143354358663793,-0.14094942510128022,0.535771983861923
2024-09-30,NIFTY 50 ETF,Student-t dof 3 (fatter tails),0.179,-0.01841319602151903,0.16567565143108368,0.23484736348721424,-0.15708597600460053,0.5332676589488983
2024-09-30,NIFTY 50 ETF,Block bootstrap of own history (21-day blocks),0.1855,-0.01841319602151903,0.17179726655403188,0.21827354281753467,-0.20537274773471187,0.5205809810622103
2024-09-30,Gold,"Production (Student-t dof 5, regime switching, parameter and volatility uncertainty)",0.983,0.5612903605330153,0.09810157905519008,0.17903315707313344,-0.16202257573604584,0.39137520790100067
2024-09-30,Gold,Round 9 (volatility uncertainty 0.17),0.9875,0.5612903605330153,0.09808382829278707,0.17162686119658385,-0.1513240486383438,0.38967527151107784
2024-09-30,Gold,Round 5 (no volatility uncertainty),0.9885,0.5612903605330153,0.09790194373577833,0.16907580547730075,-0.14684276282787323,0.38967635631561265
2024-09-30,Gold,Student-t dof 3 (fatter tails),0.986,0.5612903605330153,0.10165305972844363,0.18235631491110957,-0.15377264618873596,0.39363558292388895
2024-09-30,Gold,Block bootstrap of own history (21-day blocks),0.9955,0.5612903605330153,0.08571164253665409,0.1460728596778189,-0.12520141506047605,0.3525868541985613
2024-09-30,Balanced (60 index / 20 gold / 20 liquid),"Production (Student-t dof 5, regime switching, parameter and volatility uncertainty)",0.42725,0.09764183507861501,0.12668689115345477,0.13673413963090217,-0.07468233406543731,0.34829130768775934
2024-09-30,Balanced (60 index / 20 gold / 20 liquid),Round 9 (volatility uncertainty 0.17),0.4295,0.09764183507861501,0.12664490589499475,0.13127434579284983,-0.0676502615213394,0.3448278963565824
2024-09-30,Balanced (60 index / 20 gold / 20 liquid),Round 5 (no volatility uncertainty),0.42975,0.09764183507861501,0.1264900057911873,0.1294285485467396,-0.06277342438697814,0.34848059415817256
2024-09-30,Balanced (60 index / 20 gold / 20 liquid),Student-t dof 3 (fatter tails),0.41875,0.09764183507861501,0.12940340635180472,0.13798369274244127,-0.07021686434745786,0.34750456809997554
2024-09-30,Balanced (60 index / 20 gold / 20 liquid),Block bootstrap of own history (21-day blocks),0.3765,0.09764183507861501,0.12919308257116421,0.1300966449120104,-0.10325963196705899,0.33371779662523576
2024-09-30,"8 large stocks, equal weight","Production (Student-t dof 5, regime switching, parameter and volatility uncertainty)",0.1335,-0.07037261072510992,0.16141950418800116,0.24141328692810995,-0.1785568505525589,0.5528210818767544
2024-09-30,"8 large stocks, equal weight",Round 9 (volatility uncertainty 0.17),0.1345,-0.07037261072510992,0.16143464215099812,0.23089949725197886,-0.16355777680873868,0.5532076358795166
2024-09-30,"8 large stocks, equal weight",Round 5 (no volatility uncertainty),0.134,-0.07037261072510992,0.1612040642723441,0.22705272083364939,-0.15634689033031463,0.559313631057739
2024-09-30,"8 large stocks, equal weight",Student-t dof 3 (fatter tails),0.1255,-0.07037261072510992,0.16631669010967015,0.25008994523925354,-0.17317905128002165,0.557924300432205
2024-09-30,"8 large stocks, equal weight",Block bootstrap of own history (21-day blocks),0.1195,-0.07037261072510992,0.17133434299518774,0.20801373403558826,-0.17971880464349269,0.5208349352119954
2024-12-31,NIFTY 50 ETF,"Production (Student-t dof 5, regime switching, parameter and volatility uncertainty)",0.48525,0.12076985024381703,0.14463085547834634,0.22629062558763102,-0.17234464287757872,0.5161544442176818
2024-12-31,NIFTY 50 ETF,Round 9 (volatility uncertainty 0.17),0.491,0.12076985024381703,0.1444476726129651,0.21491394826177795,-0.16181411147117614,0.5151877224445338
2024-12-31,NIFTY 50 ETF,Round 5 (no volatility uncertainty),0.49,0.12076985024381703,0.14416391559690236,0.21121562606824096,-0.15753451883792877,0.5140790045261383
2024-12-31,NIFTY 50 ETF,Student-t dof 3 (fatter tails),0.47925,0.12076985024381703,0.1482544597312808,0.23236664798480813,-0.16739794611930847,0.506465196609497
2024-12-31,NIFTY 50 ETF,Block bootstrap of own history (21-day blocks),0.431,0.12076985024381703,0.154423653073231,0.22040013967086108,-0.22152313958583117,0.5086121369066892
2024-12-31,Gold,"Production (Student-t dof 5, regime switching, parameter and volatility uncertainty)",0.99475,0.7618974039819972,0.09548559810966253,0.18138713240946064,-0.163688126206398,0.3930586159229278
2024-12-31,Gold,Round 9 (volatility uncertainty 0.17),0.9975,0.7618974039819972,0.09533337547630072,0.17267751241924134,-0.15600423514842987,0.38952643275260923
2024-12-31,Gold,Round 5 (no volatility uncertainty),0.999,0.7618974039819972,0.09510304220020771,0.16990112396125318,-0.15269340872764586,0.390170806646347
2024-12-31,Gold,Student-t dof 3 (fatter tails),0.993,0.7618974039819972,0.09828540667891503,0.18408285091958582,-0.15982131958007811,0.386480164527893
2024-12-31,Gold,Block bootstrap of own history (21-day blocks),0.9995,0.7618974039819972,0.09195663803465823,0.1498320330150357,-0.12424122146683518,0.35651404310772045
2024-12-31,Balanced (60 index / 20 gold / 20 liquid),"Production (Student-t dof 5, regime switching, parameter and volatility uncertainty)",0.8115,0.21742323319862122,0.11612902078032493,0.13686790257525597,-0.08432503342628479,0.3381256282329556
2024-12-31,Balanced (60 index / 20 gold / 20 liquid),Round 9 (volatility uncertainty 0.17),0.803,0.21742323319862122,0.11600325919687748,0.1306158287594333,-0.07811351418495179,0.33585114479064915
2024-12-31,Balanced (60 index / 20 gold / 20 liquid),Round 5 (no volatility uncertainty),0.80425,0.21742323319862122,0.1158193151652813,0.12861176241192415,-0.07632579207420348,0.3350302696228027
2024-12-31,Balanced (60 index / 20 gold / 20 liquid),Student-t dof 3 (fatter tails),0.81225,0.21742323319862122,0.11828307554125786,0.13738109949802244,-0.08153100907802582,0.33341801762580864
2024-12-31,Balanced (60 index / 20 gold / 20 liquid),Block bootstrap of own history (21-day blocks),0.774,0.21742323319862122,0.12021342274011908,0.1322898592463948,-0.11065622679563014,0.3295825006895335
2024-12-31,"8 large stocks, equal weight","Production (Student-t dof 5, regime switching, parameter and volatility uncertainty)",0.285,0.01935650294316016,0.1518669533357024,0.2416789603667908,-0.18390556573867797,0.5486809015274046
2024-12-31,"8 large stocks, equal weight",Round 9 (volatility uncertainty 0.17),0.29025,0.01935650294316016,0.1516756850630045,0.2293375984113156,-0.17273124754428862,0.548838526010513
2024-12-31,"8 large stocks, equal weight",Round 5 (no volatility uncertainty),0.29125,0.01935650294316016,0.1513756636828184,0.22531693991816962,-0.1680825561285019,0.5474113404750822
2024-12-31,"8 large stocks, equal weight",Student-t dof 3 (fatter tails),0.2675,0.01935650294316016,0.1557654588073492,0.2493568476523286,-0.17880833745002747,0.5395721614360809
2024-12-31,"8 large stocks, equal weight",Block bootstrap of own history (21-day blocks),0.251,0.01935650294316016,0.1553038218813502,0.21070137134897918,-0.19441865109813192,0.5048110389790607
2025-03-28,NIFTY 50 ETF,"Production (Student-t dof 5, regime switching, parameter and volatility uncertainty)",0.19675,0.023859272000198883,0.1807407783791423,0.20460951581772366,-0.12048181891441344,0.5243872463703154
2025-03-28,NIFTY 50 ETF,Round 9 (volatility uncertainty 0.17),0.201,0.023859272000198883,0.18051758731901646,0.19625199104631863,-0.11036270260810851,0.5178128838539123
2025-03-28,NIFTY 50 ETF,Round 5 (no volatility uncertainty),0.208,0.023859272000198883,0.18021342486143113,0.19365080448983849,-0.10777758955955505,0.5196665227413175
2025-03-28,NIFTY 50 ETF,Student-t dof 3 (fatter tails),0.18625,0.023859272000198883,0.18322848004102707,0.20910476608240722,-0.11309983432292937,0.5124774873256683
2025-03-28,NIFTY 50 ETF,Block bootstrap of own history (21-day blocks),0.1795,0.023859272000198883,0.17732106325296962,0.16641096678464454,-0.07246513832157714,0.4711918548004378
2025-03-28,Gold,"Production (Student-t dof 5, regime switching, parameter and volatility uncertainty)",0.99375,0.6614076726026938,0.09439276187866927,0.16906514871574868,-0.15684489607810972,0.3796442627906798
2025-03-28,Gold,Round 9 (volatility uncertainty 0.17),0.9965,0.6614076726026938,0.09419913983345032,0.1622638754305595,-0.14910258948802949,0.37319163084030144
2025-03-28,Gold,Round 5 (no volatility uncertainty),0.99775,0.6614076726026938,0.09394356931746006,0.16018051848176934,-0.14599045515060424,0.373968505859375
2025-03-28,Gold,Student-t dof 3 (fatter tails),0.99125,0.6614076726026938,0.0965122933536768,0.17189477659955552,-0.15271944999694823,0.36711061596870387
2025-03-28,Gold,Block bootstrap of own history (21-day blocks),0.9995,0.6614076726026938,0.08129795984652043,0.13339705491046305,-0.11936947089495589,0.3168676698647344
2025-03-28,Balanced (60 index / 20 gold / 20 liquid),"Production (Student-t dof 5, regime switching, parameter and volatility uncertainty)",0.5495,0.14539795706982073,0.13749118211865424,0.12266755925906599,-0.04919457137584686,0.3424556136131286
2025-03-28,Balanced (60 index / 20 gold / 20 liquid),Round 9 (volatility uncertainty 0.17),0.552,0.14539795706982073,0.13733620797097684,0.11791728062685543,-0.043444272875785825,0.33541781306266755
2025-03-28,Balanced (60 index / 20 gold / 20 liquid),Round 5 (no volatility uncertainty),0.55075,0.14539795706982073,0.13714267049729825,0.11648406409771221,-0.04222145080566406,0.33677624464035033
2025-03-28,Balanced (60 index / 20 gold / 20 liquid),Student-t dof 3 (fatter tails),0.54875,0.14539795706982073,0.13892475479841232,0.12367070818795013,-0.04510100185871123,0.3343008637428283
2025-03-28,Balanced (60 index / 20 gold / 20 liquid),Block bootstrap of own history (21-day blocks),0.57375,0.14539795706982073,0.13256836910900496,0.09789069991707894,-0.01806168320808398,0.303536791513234
2025-03-28,"8 large stocks, equal weight","Production (Student-t dof 5, regime switching, parameter and volatility uncertainty)",0.0915,-0.07496202958573306,0.1706700923293829,0.2120243312542034,-0.1406288653612137,0.5272463381290434
2025-03-28,"8 large stocks, equal weight",Round 9 (volatility uncertainty 0.17),0.08925,-0.07496202958573306,0.17044349607080223,0.20330455717293358,-0.1295658767223358,0.5205480635166168
2025-03-28,"8 large stocks, equal weight",Round 5 (no volatility uncertainty),0.0885,-0.07496202958573306,0.17013054390251636,0.2005815774456398,-0.12664434909820557,0.5229571282863616
2025-03-28,"8 large stocks, equal weight",Student-t dof 3 (fatter tails),0.091,-0.07496202958573306,0.17326599872112275,0.21709873466908655,-0.13227671980857847,0.5136830210685724
2025-03-28,"8 large stocks, equal weight",Block bootstrap of own history (21-day blocks),0.054,-0.07496202958573306,0.16108284893976546,0.16213115274670908,-0.07909986905943164,0.44740506894092746
2025-06-30,NIFTY 50 ETF,"Production (Student-t dof 5, regime switching, parameter and volatility uncertainty)",0.083,-0.04799134247088843,0.17125241594016552,0.1793857166504557,-0.09647915363311765,0.4729342877864835
2025-06-30,NIFTY 50 ETF,Round 9 (volatility uncertainty 0.17),0.0785,-0.04799134247088843,0.17096510103344917,0.17186064875742027,-0.08648856878280639,0.4670575797557828
2025-06-30,NIFTY 50 ETF,Round 5 (no volatility uncertainty),0.078,-0.04799134247088843,0.17062983767688275,0.1695317489374213,-0.08124659955501556,0.46343283057212814
2025-06-30,NIFTY 50 ETF,Student-t dof 3 (fatter tails),0.0795,-0.04799134247088843,0.17369750165939332,0.18397620054857686,-0.09126279056072235,0.45918273329734766
2025-06-30,NIFTY 50 ETF,Block bootstrap of own history (21-day blocks),0.067,-0.04799134247088843,0.16611815947331768,0.15425529598154983,-0.06701929965643912,0.43514278362879427
2025-06-30,Gold,"Production (Student-t dof 5, regime switching, parameter and volatility uncertainty)",0.97975,0.48043507102757577,0.09423316058516502,0.16255387151985043,-0.1499358922243118,0.36825408935546833
2025-06-30,Gold,Round 9 (volatility uncertainty 0.17),0.98375,0.48043507102757577,0.09396715883910656,0.15571423337308865,-0.14105227291584013,0.36150084137916555
2025-06-30,Gold,Round 5 (no volatility uncertainty),0.98325,0.48043507102757577,0.09366004811227321,0.15359636558038064,-0.13462899327278136,0.3597207069396972
2025-06-30,Gold,Student-t dof 3 (fatter tails),0.9805,0.48043507102757577,0.09642738495767117,0.16625430909827002,-0.14476481080055237,0.3544903337955475
2025-06-30,Gold,Block bootstrap of own history (21-day blocks),0.99225,0.48043507102757577,0.09401796883337839,0.1370899718518409,-0.11205773059798443,0.3339804070374858
2025-06-30,Balanced (60 index / 20 gold / 20 liquid),"Production (Student-t dof 5, regime switching, parameter and volatility uncertainty)",0.2755,0.0703920821866364,0.13183036202192305,0.10845198696996354,-0.03468732237815856,0.31128856539726246
2025-06-30,Balanced (60 index / 20 gold / 20 liquid),Round 9 (volatility uncertainty 0.17),0.28125,0.0703920821866364,0.1316442043930292,0.10409310759722366,-0.029212945699691767,0.30795524716377254
2025-06-30,Balanced (60 index / 20 gold / 20 liquid),Round 5 (no volatility uncertainty),0.28125,0.0703920821866364,0.13143440867960454,0.10276517674117776,-0.025783646106719967,0.30430884957313536
2025-06-30,Balanced (60 index / 20 gold / 20 liquid),Student-t dof 3 (fatter tails),0.255,0.0703920821866364,0.13324577666819096,0.10973890352712505,-0.03222694694995879,0.30391725897789
2025-06-30,Balanced (60 index / 20 gold / 20 liquid),Block bootstrap of own history (21-day blocks),0.2715,0.0703920821866364,0.12884195089695644,0.09089950763206657,-0.013584346060568369,0.28320417205640247
2025-06-30,"8 large stocks, equal weight","Production (Student-t dof 5, regime switching, parameter and volatility uncertainty)",0.02625,-0.16402747663474526,0.16073098358511925,0.1848223390994126,-0.11447108089923858,0.4715613782405848
2025-06-30,"8 large stocks, equal weight",Round 9 (volatility uncertainty 0.17),0.021,-0.16402747663474526,0.1604373987466097,0.17703106744065544,-0.10409659147262573,0.46648904681205733
2025-06-30,"8 large stocks, equal weight",Round 5 (no volatility uncertainty),0.02225,-0.16402747663474526,0.16009323209524154,0.17461610985551843,-0.09846321344375611,0.462481504678726
2025-06-30,"8 large stocks, equal weight",Student-t dof 3 (fatter tails),0.02675,-0.16402747663474526,0.16326565422117711,0.1898667176289672,-0.10854098200798035,0.45766056776046726
2025-06-30,"8 large stocks, equal weight",Block bootstrap of own history (21-day blocks),0.01075,-0.16402747663474526,0.15387045408784125,0.15159849071518372,-0.0795975689138596,0.41453718869815487
