symbol,0
BAJFINANCE.NS,-0.0008621058482619607
BANKBEES.NS,-0.00028736861608732024
BHARTIARTL.NS,0.001436843080436601
CIPLA.NS,-0.001149474464349281
COALINDIA.NS,-0.0031610547769605228
DRREDDY.NS,-0.006609478170008365
GOLDBEES.NS,0.00028736861608732024
HCLTECH.NS,0.0008621058482619607
HDFCBANK.NS,-0.008908427098706928
HINDUNILVR.NS,-0.0017242116965239215
ICICIBANK.NS,0.002586317544785882
INFY.NS,0.0005747372321746405
ITC.NS,-0.005460003705659085
JUNIORBEES.NS,0.0008621058482619607
KOTAKBANK.NS,-0.002873686160873202
LIQUIDBEES.NS,0.003735792009135163
LT.NS,-0.0005747372321746405
LTGILTBEES.NS,0.002873686160873202
M&M.NS,-0.0005747372321746405
MARUTI.NS,-0.00028736861608732024
NESTLEIND.NS,0.007758952634357647
NIFTYBEES.NS,-0.002011580312611242
NTPC.NS,-0.002298948928698562
ONGC.NS,0.004597897857397124
POWERGRID.NS,-0.001149474464349281
RELIANCE.NS,0.0017242116965239215
SBIN.NS,0.004023160625222484
SUNPHARMA.NS,0.005747372321746404
TATASTEEL.NS,-0.0017242116965239215
TCS.NS,0.001149474464349281
TITAN.NS,0.006896846786095686
ULTRACEMCO.NS,-0.005460003705659085
