,vol_forecast_21d
RELIANCE.NS,0.23519555963748215
ONGC.NS,0.22325000399800946
COALINDIA.NS,0.22853952971761307
TCS.NS,0.3127906100379448
INFY.NS,0.33594107617164626
HCLTECH.NS,0.3073221928944679
HDFCBANK.NS,0.2475449340566158
ICICIBANK.NS,0.21285926140769074
SBIN.NS,0.21745408237797398
KOTAKBANK.NS,0.24243296641167236
BAJFINANCE.NS,0.3062597120731681
ITC.NS,0.23825574578129874
HINDUNILVR.NS,0.24886784912053728
NESTLEIND.NS,0.24276569654113253
LT.NS,0.2375194732869313
ULTRACEMCO.NS,0.2377037801962011
NTPC.NS,0.2132225822069386
POWERGRID.NS,0.22423166971895003
SUNPHARMA.NS,0.2074582365966126
DRREDDY.NS,0.2578831451579756
CIPLA.NS,0.2238866274345451
MARUTI.NS,0.25353763936022544
M&M.NS,0.2512077865587732
BHARTIARTL.NS,0.2223654311364517
TITAN.NS,0.21736782730409188
TATASTEEL.NS,0.26512473221648347
NIFTYBEES.NS,0.11175495998949721
JUNIORBEES.NS,0.13910854979104753
BANKBEES.NS,0.12789579309540214
GOLDBEES.NS,0.1963893060787918
LTGILTBEES.NS,0.03295597359880921
LIQUIDBEES.NS,0.01
